Roderich	Mallall	rmallall0@freewebs.com	Blue	8/16/2012
Benedikta	Hanway	bhanway1@alexa.com	Aquamarine	10/28/1992
Georgi	Baldelli	gbaldelli2@cloudflare.com	Green	8/27/2007
Orsola	Noir	onoir3@diigo.com	Violet	1/23/2016
Al	Doyland	adoyland4@cdc.gov	Teal	8/9/2018
Odessa	Garrold	ogarrold5@hc360.com	Blue	6/22/2000
Barr	McAlinion	bmcalinion6@lycos.com	Green	6/1/1990
Ami	Hamer	ahamer7@home.pl	Fuscia	7/8/2011
Pennie	Wrangle	pwrangle8@japanpost.jp	Maroon	4/11/1996
Edgardo	Loutheane	eloutheane9@goodreads.com	Aquamarine	8/8/2019
Byrom	McNeilly	bmcneillya@newyorker.com	Pink	1/14/1997
Weylin	Dzeniskevich	wdzeniskevichb@unicef.org	Indigo	1/22/2004
Roxie	Common	rcommonc@dot.gov	Khaki	2/17/2004
Genna	Tallboy	gtallboyd@gov.uk	Orange	8/21/2019
Leese	Shambrook	lshambrooke@google.com.hk	Pink	7/17/2004
Marijo	Kingdon	mkingdonf@example.com	Puce	9/1/2003
Sylvester	Dillway	sdillwayg@senate.gov	Puce	9/18/2008
Inger	Sillwood	isillwoodh@cbslocal.com	Maroon	1/5/2013
Carmon	Cousens	ccousensi@washingtonpost.com	Purple	11/20/1998
Janela	Gatman	jgatmanj@mit.edu	Goldenrod	5/17/1992
Myrwyn	Hendonson	mhendonsonk@i2i.jp	Purple	12/13/2018
Verney	Lagneaux	vlagneauxl@webeden.co.uk	Green	2/7/2011
Cirstoforo	Sail	csailm@wordpress.org	Green	9/21/2020
Raven	Osboldstone	rosboldstonen@pcworld.com	Puce	10/13/1999
Hermina	Dirkin	hdirkino@infoseek.co.jp	Purple	2/1/2015
Giavani	Pigott	gpigottp@marketwatch.com	Blue	5/8/2006
Sawyer	Churly	schurlyq@about.com	Mauv	7/31/2007
Alverta	Biscomb	abiscombr@prnewswire.com	Pink	10/7/2017
Carita	McIlvenny	cmcilvennys@tripadvisor.com	Khaki	4/13/2011
Biddy	Cajkler	bcajklert@google.com	Khaki	3/5/2002
Sabine	Crampin	scrampinu@shinystat.com	Turquoise	10/16/2009
Kippy	Pelman	kpelmanv@businesswire.com	Goldenrod	12/26/2008
Valaree	Yankeev	vyankeevw@dedecms.com	Khaki	3/14/2000
Bay	Trustey	btrusteyx@instagram.com	Teal	2/21/2007
Corilla	Leeder	cleedery@house.gov	Maroon	8/12/2014
Abram	Clyma	aclymaz@bloglines.com	Khaki	12/12/2002
Jamal	Reeder	jreeder10@ft.com	Teal	6/16/2020
Dana	Mahoney	dmahoney11@usda.gov	Maroon	8/14/2015
Gradeigh	Vertey	gvertey12@mozilla.com	Red	10/29/1993
Gwenneth	Klimentyonok	gklimentyonok13@shinystat.com	Mauv	2/24/1991
Frants	Kee	fkee14@cbc.ca	Indigo	7/16/1992
Codi	Mansell	cmansell15@sun.com	Orange	12/25/1995
Cody	Rosenwald	crosenwald16@e-recht24.de	Violet	7/29/1992
Winni	Pane	wpane17@msn.com	Turquoise	10/3/2018
Annadiane	Matanin	amatanin18@smh.com.au	Maroon	6/24/2005
Chadd	Plunket	cplunket19@unicef.org	Violet	10/14/2004
Chrissie	Heape	cheape1a@123-reg.co.uk	Mauv	4/14/1998
Mikael	McMains	mmcmains1b@reuters.com	Turquoise	9/21/2009
Korey	Heffy	kheffy1c@netscape.com	Red	4/22/2008
Ella	Tankin	etankin1d@deliciousdays.com	Indigo	7/24/2015
Puff	Dummett	pdummett1e@instagram.com	Red	8/22/1996
Pris	Feander	pfeander1f@epa.gov	Green	10/28/2002
Arlen	Bartosik	abartosik1g@mediafire.com	Pink	7/31/2004
Joshua	Melmoth	jmelmoth1h@exblog.jp	Violet	3/27/2004
Ewart	Light	elight1i@princeton.edu	Purple	9/6/1991
Rubie	Abbay	rabbay1j@de.vu	Pink	2/27/2007
Jimmy	Swafford	jswafford1k@slashdot.org	Crimson	11/13/2008
Ainsley	Raun	araun1l@deviantart.com	Teal	2/4/2020
Farica	Shotboult	fshotboult1m@soup.io	Mauv	2/4/2007
Correy	Gait	cgait1n@nature.com	Pink	7/20/2014
Federico	Pelman	fpelman1o@phpbb.com	Mauv	3/8/1999
Dorris	Smyth	dsmyth1p@weebly.com	Maroon	4/20/2014
Colly	Giovannacc@i	cgiovannacci1q@smh.com.au	Indigo	12/25/2016
Craig	Dran	cdran1r@miitbeian.gov.cn	Puce	12/2/2015
Shermie	Tremeer	stremeer1s@bbb.org	Khaki	12/25/1999
Kendrick	Gogan	kgogan1t@salon.com	Pink	6/24/1991
Chrotoem	Posselwhite	cposselwhite1u@cloudflare.com	Maroon	9/19/1994
Averyl	Barrand	abarrand1v@acquirethisname.com	Crimson	6/25/1999
Maribeth	Headech	mheadech1w@reddit.com	Puce	4/20/2005
Rodrigo	Buddock	rbuddock1x@businesswire.com	Fuscia	3/15/2013
Ignacius	Blazhevich	iblazhevich1y@cbc.ca	Red	10/17/2016
Barrie	Daen	bdaen1z@washington.edu	Green	6/21/2011
Ravi	Pocke	rpocke20@seattletimes.com	Aquamarine	1/28/1992
Batholomew	Linggood	blinggood21@google.nl	Red	11/2/2003
Nataline	McGrory	nmcgrory22@naver.com	Blue	11/25/2011
Maurizia	Simmell	msimmell23@yolasite.com	Aquamarine	4/22/2002
Astrid	Surgener	asurgener24@feedburner.com	Aquamarine	1/28/1999
Clayborne	Whitlam	cwhitlam25@reuters.com	Aquamarine	4/27/2019
Sal	Signori	ssignori26@i2i.jp	Goldenrod	3/31/2004
Maybelle	Laudham	mlaudham27@unicef.org	Maroon	9/24/2012
Myrwyn	Grgic	mgrgic28@quantcast.com	Blue	2/8/1997
Julia	Bourtoumieux	jbourtoumieux29@webs.com	Red	1/3/2016
Maighdiln	Mulcahy	mmulcahy2a@over-blog.com	Green	10/4/1998
Dorian	Phillis	dphillis2b@nhs.uk	Teal	7/29/1994
Drusilla	Este	deste2c@jalbum.net	Maroon	7/27/2020
Olin	Fitter	ofitter2d@gmpg.org	Red	10/14/2018
Kermit	Beazleigh	kbeazleigh2e@geocities.com	Teal	4/5/2016
Jacobo	O'Reilly	joreilly2f@hc360.com	Turquoise	6/5/2006
Ingmar	Maywood	imaywood2g@soup.io	Fuscia	10/15/2012
Magdaia	Klemensiewicz	mklemensiewicz2h@livejournal.com	Blue	11/3/2015
Leonerd	Giffaut	lgiffaut2i@jalbum.net	Indigo	11/27/2003
Rudd	Lorenz	rlorenz2j@bbb.org	Puce	12/26/2002
Christean	Neenan	cneenan2k@microsoft.com	Puce	6/4/2002
Catherina	Hornbuckle	chornbuckle2l@msu.edu	Red	3/29/2006
Aubree	Franzen	afranzen2m@shinystat.com	Fuscia	3/17/1999
Shanda	Malyon	smalyon2n@arstechnica.com	Goldenrod	10/31/1998
Euphemia	Brennand	ebrennand2o@prnewswire.com	Khaki	11/20/2014
Austin	Chawkley	achawkley2p@reverbnation.com	Puce	11/24/1993
Abey	Rawlison	arawlison2q@boston.com	Green	12/10/2005
Gilemette	Bussens	gbussens2r@hostgator.com	Indigo	2/28/2001
Casi	Tamblingson	ctamblingson2s@ocn.ne.jp	Green	5/22/1992
Willyt	Udall	wudall2t@163.com	Goldenrod	7/17/2001
Joel	Doding	jdoding2u@hhs.gov	Violet	8/14/2000
Tomkin	Skeates	tskeates2v@ameblo.jp	Pink	8/8/1993
Tania	Hefforde	thefforde2w@eepurl.com	Mauv	7/12/2001
Bill	Roskelly	broskelly2x@php.net	Violet	7/20/2015
Bryanty	Cramond	bcramond2y@printfriendly.com	Red	6/19/2010
Faustina	Dettmar	fdettmar2z@typepad.com	Indigo	8/21/2018
Hermie	Yardley	hyardley30@yolasite.com	Teal	8/31/1994
Flem	Gerger	fgerger31@phoca.cz	Indigo	11/19/1993
Halsy	Shulver	hshulver32@merriam-webster.com	Violet	6/1/2008
Farleigh	Medcalfe	fmedcalfe33@unc.edu	Khaki	9/23/1999
Gaspar	Cromett	gcromett34@de.vu	Purple	4/27/1990
Harrie	Kirsch	hkirsch35@addthis.com	Turquoise	3/20/2019
Maurice	Meeny	mmeeny36@wordpress.org	Yellow	1/8/2021
Timmy	Hazlehurst	thazlehurst37@fc2.com	Pink	3/9/2001
Inger	Souness	isouness38@java.com	Goldenrod	6/5/2007
Tildi	Pigne	tpigne39@vistaprint.com	Fuscia	7/21/2015
Alberta	Nicholls	anicholls3a@freewebs.com	Puce	10/28/1994
Jessalyn	Suggate	jsuggate3b@ucoz.com	Turquoise	6/28/2000
Verene	Peacocke	vpeacocke3c@rambler.ru	Crimson	4/8/2005
Alwin	Stearley	astearley3d@bizjournals.com	Yellow	2/13/2019
Gill	Charlet	gcharlet3e@prweb.com	Crimson	6/5/2010
Maurie	Sarfass	msarfass3f@census.gov	Orange	6/20/2009
Brandi	Halls	bhalls3g@bbc.co.uk	Blue	6/14/2003
Oran	Babe	obabe3h@theatlantic.com	Red	6/1/1992
Link	Pohl	lpohl3i@nifty.com	Puce	10/9/1998
Nikaniki	Daniely	ndaniely3j@last.fm	Orange	10/2/2009
Gene	Casazza	gcasazza3k@unicef.org	Blue	1/19/2002
Nanete	Halson	nhalson3l@cnn.com	Aquamarine	1/28/1996
Bettine	Sawyers	bsawyers3m@opensource.org	Khaki	11/26/2013
Fanni	Lascelles	flascelles3n@google.pl	Purple	7/22/2012
Marguerite	Gritskov	mgritskov3o@gmpg.org	Violet	10/14/2011
Bennie	Surgener	bsurgener3p@un.org	Indigo	7/14/2014
Lesly	Bradder	lbradder3q@opensource.org	Crimson	5/7/2020
Berthe	MacConnel	bmacconnel3r@sourceforge.net	Blue	11/10/2019
Cart	Crighten	ccrighten3s@youtube.com	Maroon	4/23/2001
Darline	Maleney	dmaleney3t@addtoany.com	Turquoise	5/8/2005
Ozzy	Launchbury	olaunchbury3u@netvibes.com	Mauv	7/1/2004
Nettie	Brocket	nbrocket3v@netvibes.com	Goldenrod	2/11/1992
Correna	Stenners	cstenners3w@mysql.com	Orange	2/3/1998
Baldwin	MacGiollaPheadair	bmacgiollapheadair3x@cbc.ca	Aquamarine	8/7/2008
Davin	Farrall	dfarrall3y@dagondesign.com	Teal	9/8/2011
Tallie	Mankor	tmankor3z@goo.ne.jp	Mauv	1/26/2008
Gail	Giuron	ggiuron40@typepad.com	Pink	3/11/2015
Em	McGrorty	emcgrorty41@sourceforge.net	Green	4/5/2009
Sumner	Morigan	smorigan42@nih.gov	Red	12/30/2003
Jaquelyn	Raffels	jraffels43@illinois.edu	Puce	8/29/2002
Rhona	Torn	rtorn44@jalbum.net	Orange	1/4/2002
Ivette	Skule	iskule45@google.fr	Mauv	7/8/2007
Aaren	Eslinger	aeslinger46@1688.com	Mauv	8/5/2008
Bron	Bowsher	bbowsher47@sphinn.com	Green	3/31/1996
Eden	Stilldale	estilldale48@i2i.jp	Maroon	3/3/1994
Sloane	Plowman	splowman49@themeforest.net	Indigo	3/21/2011
Barde	Roswarne	broswarne4a@surveymonkey.com	Turquoise	7/1/2018
Jeramie	Fellibrand	jfellibrand4b@mail.ru	Purple	3/30/2020
Beniamino	Parlour	bparlour4c@blogspot.com	Turquoise	12/31/1998
Gauthier	Werner	gwerner4d@mit.edu	Aquamarine	7/24/2006
Anthia	Whitecross	awhitecross4e@barnesandnoble.com	Green	11/3/2006
Heath	Cerro	hcerro4f@51.la	Purple	9/9/2016
Mathew	O'Sherrin	mosherrin4g@oaic.gov.au	Green	12/2/2019
Lilli	Follitt	lfollitt4h@wordpress.com	Orange	11/28/2002
Elise	Circuitt	ecircuitt4i@nbcnews.com	Maroon	7/29/1994
Zarah	Kellogg	zkellogg4j@jiathis.com	Turquoise	2/18/1999
Ewen	Coombes	ecoombes4k@fema.gov	Purple	1/23/2003
Marietta	Noore	mnoore4l@lulu.com	Blue	4/12/1991
Leif	Ibbitt	libbitt4m@ca.gov	Khaki	3/31/1990
Maiga	Euston	meuston4n@typepad.com	Maroon	6/7/2005
Randolph	Amner	ramner4o@youtu.be	Fuscia	9/11/1999
Devlin	Ambrogioli	dambrogioli4p@accuweather.com	Teal	6/18/1997
Ashlin	Stovell	astovell4q@tripadvisor.com	Pink	2/10/2017
Bobbee	Kenan	bkenan4r@sourceforge.net	Indigo	10/18/1996
Elroy	Worboys	eworboys4s@ted.com	Red	11/30/2009
Emmalee	Lillgard	elillgard4t@cmu.edu	Indigo	8/21/1992
Marcelia	Abells	mabells4u@skyrock.com	Turquoise	12/9/2002
Wini	Blythin	wblythin4v@icio.us	Violet	10/12/1991
Charisse	McGloughlin	cmcgloughlin4w@cbc.ca	Puce	4/22/2011
Ole	Janssen	ojanssen4x@usda.gov	Green	3/5/2015
Evangeline	Paridge	eparidge4y@tamu.edu	Indigo	12/4/1994
Kerwin	Gammett	kgammett4z@geocities.com	Green	5/2/2004
Effie	Mapledoore	emapledoore50@reference.com	Goldenrod	2/6/2019
Kitty	Milius	kmilius51@angelfire.com	Blue	2/9/2013
Hastie	Patshull	hpatshull52@deviantart.com	Fuscia	3/21/2001
Vanya	Comoletti	vcomoletti53@dropbox.com	Red	11/27/2019
Thornie	Wanderschek	twanderschek54@issuu.com	Mauv	1/11/1992
Jan	Allison	jallison55@tuttocitta.it	Mauv	5/30/1997
Gasparo	Elan	gelan56@amazon.co.uk	Green	9/26/2014
Tobe	Yoakley	tyoakley57@google.com.hk	Goldenrod	7/6/2013
Eberhard	Jurn	ejurn58@hatena.ne.jp	Crimson	3/27/2014
Bridgette	Malitrott	bmalitrott59@eepurl.com	Violet	10/20/1994
Hildy	Valero	hvalero5a@prnewswire.com	Turquoise	8/21/2013
Jorey	Lonsdale	jlonsdale5b@mozilla.com	Goldenrod	10/3/1996
Filberto	Gissop	fgissop5c@cbsnews.com	Violet	12/21/2006
Steffi	Placido	splacido5d@chron.com	Violet	2/18/2015
Clea	Peachman	cpeachman5e@unicef.org	Goldenrod	3/26/1993
Gavra	McKevany	gmckevany5f@blogtalkradio.com	Maroon	7/25/2009
Barbara-anne	Delamar	bdelamar5g@guardian.co.uk	Puce	5/30/2013
Lib	Durrad	ldurrad5h@shareasale.com	Yellow	7/6/1990
Ardelis	Swinfon	aswinfon5i@de.vu	Purple	6/21/1998
Lauraine	Fearnyhough	lfearnyhough5j@pcworld.com	Indigo	4/3/1990
Anatol	Rabl	arabl5k@intel.com	Maroon	5/8/2006
Lyn	Aitcheson	laitcheson5l@uiuc.edu	Yellow	1/15/2007
Dorene	Filinkov	dfilinkov5m@ustream.tv	Purple	2/18/2017
Leanna	Grieveson	lgrieveson5n@123-reg.co.uk	Fuscia	5/22/2017
Emmaline	Preece	epreece5o@wiley.com	Teal	1/20/2002
Elaine	Figgess	efiggess5p@ucoz.ru	Mauv	5/28/1996
Denna	Creffield	dcreffield5q@rambler.ru	Yellow	5/29/2000
Natala	Maris	nmaris5r@histats.com	Crimson	5/16/2016
Vincent	Jeannel	vjeannel5s@moonfruit.com	Crimson	9/28/1991
Charil	Huyge	chuyge5t@toplist.cz	Goldenrod	11/7/2020
Corrina	Toseland	ctoseland5u@imgur.com	Maroon	11/4/2015
Loise	Dilliway	ldilliway5v@acquirethisname.com	Mauv	4/10/1996
Rafaelia	Stollberger	rstollberger5w@infoseek.co.jp	Teal	8/17/2015
Ase	Minards	aminards5x@printfriendly.com	Orange	11/27/1992
Kacy	Brome	kbrome5y@home.pl	Violet	9/21/2005
Laverna	Christou	lchristou5z@utexas.edu	Violet	11/30/1995
Francklin	Champ	fchamp60@eventbrite.com	Mauv	4/23/1998
Amber	Buxam	abuxam61@nydailynews.com	Khaki	1/11/2000
Zared	McCathay	zmccathay62@cpanel.net	Purple	3/19/2001
Rowney	Griffoen	rgriffoen63@mozilla.com	Orange	8/21/1999
Ronnie	Exon	rexon64@tiny.cc	Aquamarine	1/1/2014
Babara	Brinsden	bbrinsden65@nifty.com	Purple	9/25/1992
Chaddy	Camfield	ccamfield66@baidu.com	Maroon	6/7/2011
Ardella	Dunbar	adunbar67@cmu.edu	Blue	1/9/2014
Marlene	Arro	marro68@cbslocal.com	Blue	9/11/1990
Fiorenze	Bercher	fbercher69@washington.edu	Aquamarine	8/3/1995
Flint	Tevelov	ftevelov6a@squarespace.com	Teal	1/16/2005
Ernesto	Siddall	esiddall6b@delicious.com	Indigo	6/27/2016
Yurik	Roj	yroj6c@columbia.edu	Orange	4/24/2019
Katerine	Birdsall	kbirdsall6d@wordpress.org	Pink	3/2/1995
Filia	Kirkebye	fkirkebye6e@marriott.com	Mauv	1/18/2001
Aloysia	Bratton	abratton6f@uol.com.br	Fuscia	5/2/1992
Cristina	Yetman	cyetman6g@hp.com	Crimson	5/7/1998
Marjy	Ashbee	mashbee6h@github.com	Orange	5/13/2004
Johny	Robbey	jrobbey6i@networksolutions.com	Red	9/10/2005
Eleanore	Gronowe	egronowe6j@home.pl	Puce	7/7/2002
Judah	Conyers	jconyers6k@who.int	Mauv	7/21/2013
Del	Pacey	dpacey6l@vimeo.com	Indigo	1/8/2020
Farlay	Ramme	framme6m@earthlink.net	Crimson	8/13/2018
Neale	Berrington	nberrington6n@cnet.com	Turquoise	8/19/2019
Gloriana	Tranckle	gtranckle6o@apache.org	Green	12/14/2007
Clemente	Richarson	cricharson6p@amazon.co.jp	Puce	4/28/2005
Franny	Shovell	fshovell6q@unicef.org	Fuscia	6/8/1992
Cinnamon	Inseal	cinseal6r@infoseek.co.jp	Indigo	4/23/2012
Goran	Winders	gwinders6s@columbia.edu	Purple	5/26/2015
Dee	Beau	dbeau6t@dion.ne.jp	Violet	10/25/2018
Mikol	Delort	mdelort6u@dagondesign.com	Yellow	12/3/1996
Lilyan	Howley	lhowley6v@mozilla.com	Puce	1/25/1997
Shanan	Grabert	sgrabert6w@state.gov	Teal	10/26/2010
Chickie	Grzes	cgrzes6x@nymag.com	Yellow	10/19/2002
Kerk	Keson	kkeson6y@hp.com	Mauv	10/15/1995
Hildagard	Charnick	hcharnick6z@comsenz.com	Yellow	3/7/2000
Izzy	Gamon	igamon70@washingtonpost.com	Green	5/26/2003
Brien	Wattisham	bwattisham71@tripod.com	Violet	6/20/2003
Korrie	Shaylor	kshaylor72@i2i.jp	Pink	4/14/1997
Illa	Pine	ipine73@de.vu	Mauv	11/30/1999
Georgine	Atteridge	gatteridge74@is.gd	Pink	11/9/2010
Noach	Heintz	nheintz75@cornell.edu	Fuscia	11/17/2018
Patton	Beteriss	pbeteriss76@1688.com	Goldenrod	1/9/1992
Marlo	Lestor	mlestor77@geocities.jp	Indigo	2/8/2011
Danita	Gosdin	dgosdin78@i2i.jp	Violet	5/19/2018
Letitia	Chinn	lchinn79@utexas.edu	Green	6/30/2018
Kurt	Wathey	kwathey7a@plala.or.jp	Pink	12/5/1993
Barton	Gouthier	bgouthier7b@storify.com	Purple	7/14/2019
Aloysia	O'Meara	aomeara7c@washington.edu	Orange	12/10/2002
Wyatt	Jezard	wjezard7d@skyrock.com	Red	11/11/2003
Corrie	Haddinton	chaddinton7e@cisco.com	Blue	6/11/1995
Annie	Dorro	adorro7f@ask.com	Blue	4/12/2005
Eldon	Thomsen	ethomsen7g@nyu.edu	Blue	10/13/2004
Sande	McDuffy	smcduffy7h@nsw.gov.au	Indigo	6/13/2005
Kaiser	Gerb	kgerb7i@mayoclinic.com	Aquamarine	12/20/2016
Marlee	McWhorter	mmcwhorter7j@booking.com	Fuscia	3/24/2004
Kimmy	Adamski	kadamski7k@google.nl	Turquoise	4/13/1999
Dex	Gager	dgager7l@newyorker.com	Indigo	8/29/2008
Claire	Yetts	cyetts7m@ftc.gov	Blue	10/24/2012
Pia	Bessom	pbessom7n@parallels.com	Fuscia	3/9/2008
Tom	Fishby	tfishby7o@devhub.com	Purple	5/23/1991
Buddy	Matsell	bmatsell7p@amazon.com	Maroon	1/11/2015
Gonzales	Campaigne	gcampaigne7q@skyrock.com	Goldenrod	3/28/1993
Verine	Hearnes	vhearnes7r@blogspot.com	Fuscia	5/22/1997
Camila	Cloney	ccloney7s@theglobeandmail.com	Puce	8/31/1993
Karon	Saltern	ksaltern7t@printfriendly.com	Red	11/20/2008
Belinda	Eyden	beyden7u@vkontakte.ru	Orange	9/17/2004
Lissa	Petruska	lpetruska7v@globo.com	Turquoise	6/30/2016
Johan	Paff	jpaff7w@twitpic.com	Indigo	5/25/1994
Elihu	Liddington	eliddington7x@chicagotribune.com	Fuscia	11/22/1995
Pieter	Bosher	pbosher7y@aboutads.info	Red	9/19/1998
Sandor	Alger	salger7z@vimeo.com	Crimson	3/31/2005
Deedee	O'Mara	domara80@chronoengine.com	Aquamarine	9/28/2018
Elianore	Hardway	ehardway81@godaddy.com	Teal	3/4/1991
Deborah	Grioli	dgrioli82@jigsy.com	Puce	3/6/1997
Orel	Haken	ohaken83@ftc.gov	Green	8/6/2019
Daron	Malpas	dmalpas84@slashdot.org	Indigo	1/19/2004
Micah	Featley	mfeatley85@utexas.edu	Maroon	9/2/2017
Marcelo	Howse	mhowse86@tinyurl.com	Yellow	1/7/1992
Thalia	Reburn	treburn87@fda.gov	Khaki	10/10/2014
Flinn	Emanuelli	femanuelli88@bigcartel.com	Purple	1/13/2003
Job	Hatch	jhatch89@t.co	Aquamarine	5/16/2012
Nathanael	Simmen	nsimmen8a@plala.or.jp	Blue	4/19/2006
Clare	Leyland	cleyland8b@biblegateway.com	Goldenrod	3/27/1991
Lucinda	Gaven	lgaven8c@fema.gov	Turquoise	10/26/1997
Jennica	Melrose	jmelrose8d@phoca.cz	Green	4/18/1992
Barr	Giraudy	bgiraudy8e@fc2.com	Orange	5/26/2014
Marita	Stookes	mstookes8f@discovery.com	Maroon	5/17/2011
Emory	Stallan	estallan8g@360.cn	Aquamarine	12/25/2002
Wheeler	Goldfinch	wgoldfinch8h@sfgate.com	Yellow	7/5/1996
Jecho	LeEstut	jleestut8i@1und1.de	Aquamarine	7/24/2000
Ado	Grisley	agrisley8j@google.com	Fuscia	11/28/2001
Elly	Sowten	esowten8k@g.co	Indigo	8/15/2009
Beryl	McLagain	bmclagain8l@auda.org.au	Teal	12/28/2013
Alane	Sergeaunt	asergeaunt8m@privacy.gov.au	Green	8/16/2019
Dominique	Twinbrow	dtwinbrow8n@economist.com	Orange	10/1/2001
Kathy	Sherreard	ksherreard8o@dmoz.org	Indigo	4/20/2020
Leroy	Kitchingman	lkitchingman8p@hostgator.com	Fuscia	11/10/1995
Jazmin	Feldmann	jfeldmann8q@house.gov	Pink	1/24/2011
Crosby	Wardle	cwardle8r@huffingtonpost.com	Purple	4/26/2014
Juliann	Aylett	jaylett8s@moonfruit.com	Violet	1/26/2020
Patten	Laxston	plaxston8t@bbb.org	Violet	3/28/1997
Tilly	McKeeman	tmckeeman8u@dot.gov	Pink	8/4/2003
Tildy	Stamper	tstamper8v@cam.ac.uk	Violet	1/2/2017
Henriette	Bubear	hbubear8w@telegraph.co.uk	Crimson	6/15/2006
Gabriela	Colwill	gcolwill8x@usda.gov	Pink	11/30/2010
Julietta	Robjents	jrobjents8y@blinklist.com	Orange	1/19/2000
Irena	Nisby	inisby8z@jimdo.com	Fuscia	7/1/1999
Samantha	Sansun	ssansun90@hp.com	Red	4/5/2018
Katya	Cogzell	kcogzell91@artisteer.com	Orange	2/26/1999
Trenna	Mandeville	tmandeville92@uiuc.edu	Red	11/27/1996
Nealon	Ellyatt	nellyatt93@wikispaces.com	Goldenrod	2/28/2016
Mechelle	Abbatini	mabbatini94@squarespace.com	Maroon	9/1/2009
Antonetta	MacCathay	amaccathay95@unesco.org	Violet	7/13/2015
Lucine	Moscrop	lmoscrop96@bloomberg.com	Goldenrod	5/28/2002
Pavlov	McCreery	pmccreery97@lulu.com	Teal	11/9/2007
Allen	Littley	alittley98@latimes.com	Turquoise	3/18/2009
Jocelin	Stetson	jstetson99@wunderground.com	Pink	8/24/2010
Ketty	Asbrey	kasbrey9a@biblegateway.com	Khaki	6/27/2013
Devland	Mammatt	dmammatt9b@4shared.com	Fuscia	12/28/1998
Lana	Lambard	llambard9c@epa.gov	Puce	1/15/2005
Kimberly	Ledamun	kledamun9d@amazon.com	Red	5/1/2000
Jasen	Ferres	jferres9e@flickr.com	Turquoise	10/15/2002
Phillipe	Verchambre	pverchambre9f@4shared.com	Violet	2/19/2016
Sibel	Spanswick	sspanswick9g@youku.com	Maroon	6/14/2013
Lindsey	Salzburger	lsalzburger9h@yale.edu	Green	7/28/2013
Enoch	Kitcher	ekitcher9i@engadget.com	Pink	5/24/2002
Winslow	Kliemke	wkliemke9j@webmd.com	Turquoise	7/24/2001
Monroe	Drew-Clifton	mdrewclifton9k@ezinearticles.com	Mauv	5/22/2001
Michaela	Tiesman	mtiesman9l@cam.ac.uk	Fuscia	11/6/2012
Jacky	Dunne	jdunne9m@altervista.org	Turquoise	10/14/2000
Lou	Densun	ldensun9n@buzzfeed.com	Green	12/15/2014
Kirstyn	Hollyer	khollyer9o@state.gov	Goldenrod	12/27/1993
Levon	Foker	lfoker9p@taobao.com	Violet	2/1/2008
Stefa	Willey	swilley9q@nydailynews.com	Pink	8/1/2014
Karole	Gwinnell	kgwinnell9r@bizjournals.com	Maroon	4/11/1994
Alina	Caston	acaston9s@addtoany.com	Blue	7/22/1990
Georgianna	Stroband	gstroband9t@webnode.com	Green	1/22/1991
Barnabe	Dibden	bdibden9u@google.cn	Maroon	12/20/1990
Marlane	Boatman	mboatman9v@infoseek.co.jp	Purple	9/7/2020
Liza	McKirton	lmckirton9w@privacy.gov.au	Violet	10/21/2012
Rosy	Durbann	rdurbann9x@ocn.ne.jp	Puce	10/17/2013
Val	Revington	vrevington9y@nba.com	Khaki	10/31/2020
Alfonso	Glabach	aglabach9z@msn.com	Crimson	1/14/2006
Violet	Steuhlmeyer	vsteuhlmeyera0@java.com	Puce	12/2/2005
Elissa	Trayte	etraytea1@vk.com	Khaki	5/12/1995
Grethel	Buttrick	gbuttricka2@hostgator.com	Aquamarine	11/23/2012
Rafe	Pirazzi	rpirazzia3@photobucket.com	Purple	3/3/2005
Matti	Butner	mbutnera4@berkeley.edu	Purple	3/19/1996
Brady	Ca	bcaa5@dailymotion.com	Turquoise	6/1/2014
Erny	Boyles	eboylesa6@columbia.edu	Fuscia	12/1/1998
Nils	Renton	nrentona7@arstechnica.com	Pink	3/29/2004
Fidelia	Leven	flevena8@time.com	Goldenrod	5/2/2002
Malva	Moncreiff	mmoncreiffa9@patch.com	Violet	7/24/2002
Brnaby	Greenmon	bgreenmonaa@sina.com.cn	Teal	11/3/1997
Vinnie	Tompkins	vtompkinsab@uiuc.edu	Turquoise	2/6/2009
Ford	Faltskog	ffaltskogac@artisteer.com	Green	11/24/2005
Ruperta	Parratt	rparrattad@wiley.com	Violet	9/29/2018
Bobbie	Pockey	bpockeyae@usgs.gov	Mauv	1/2/2013
Goldina	Luney	gluneyaf@examiner.com	Yellow	9/19/1995
Husein	Chippin	hchippinag@edublogs.org	Red	5/24/2012
Elfrida	Wortman	ewortmanah@blogs.com	Orange	9/20/2000
Egan	Badrock	ebadrockai@narod.ru	Indigo	1/4/1994
Oren	Lorenc	olorencaj@spotify.com	Violet	10/29/2010
Daniela	Strand	dstrandak@earthlink.net	Aquamarine	4/18/2002
Donielle	Bliss	dblissal@columbia.edu	Yellow	8/21/2000
Berky	Kerfod	bkerfodam@nytimes.com	Green	11/23/2011
Jessamine	Hember	jhemberan@chronoengine.com	Maroon	1/17/1993
Emlynn	Vasilchikov	evasilchikovao@tamu.edu	Maroon	9/23/2004
Fran	McVeigh	fmcveighap@ted.com	Pink	4/14/2019
Dot	Ivanikov	divanikovaq@exblog.jp	Red	2/12/2016
Niall	Lundberg	nlundbergar@sun.com	Purple	8/13/2013
Evanne	McLeese	emcleeseas@home.pl	Crimson	6/11/2016
Aland	Storm	astormat@pen.io	Fuscia	10/15/2016
Monique	Appleyard	mappleyardau@geocities.com	Blue	12/10/2016
Sindee	Hellin	shellinav@digg.com	Puce	5/14/2015
Dre	Montrose	dmontroseaw@mozilla.com	Orange	7/23/2017
Glynda	Westfield	gwestfieldax@cpanel.net	Mauv	12/20/2020
Margette	Houlton	mhoultonay@npr.org	Khaki	11/15/2020
Gerhardine	Escudier	gescudieraz@google.ca	Crimson	4/17/1996
Ailina	Snoday	asnodayb0@4shared.com	Goldenrod	9/2/2017
Dorotea	Lovell	dlovellb1@dailymail.co.uk	Red	7/5/1999
Adella	MacLaig	amaclaigb2@ebay.co.uk	Fuscia	1/4/2020
Roseanna	Leward	rlewardb3@dailymotion.com	Turquoise	2/18/2020
Nolan	Naseby	nnasebyb4@uol.com.br	Turquoise	12/29/1991
Lanie	Davinet	ldavinetb5@businesswire.com	Orange	9/7/2009
Eveline	Siggers	esiggersb6@economist.com	Turquoise	2/15/2000
Foss	Suffield	fsuffieldb7@spotify.com	Orange	8/20/2012
Ettie	Winsbury	ewinsburyb8@w3.org	Pink	9/17/1996
Sephira	Fagge	sfaggeb9@weebly.com	Purple	7/6/2012
Auguste	Benbough	abenboughba@elegantthemes.com	Green	11/2/2019
Orin	Daynter	odaynterbb@google.es	Aquamarine	9/12/2012
Joete	Edwicker	jedwickerbc@alibaba.com	Mauv	3/1/2020
Weber	Goulden	wgouldenbd@eepurl.com	Red	3/2/2010
Finley	Mawford	fmawfordbe@scribd.com	Crimson	12/19/2011
Linet	Wittke	lwittkebf@ox.ac.uk	Red	9/8/1991
Kathye	Muddicliffe	kmuddicliffebg@naver.com	Teal	12/13/2010
Joannes	Poulter	jpoulterbh@yahoo.com	Green	2/4/1992
Pen	Veitch	pveitchbi@exblog.jp	Khaki	12/2/2015
Salvidor	Wildman	swildmanbj@theguardian.com	Crimson	1/7/2016
Cordi	Karpenya	ckarpenyabk@cnet.com	Green	3/15/1999
Con	Fairburne	cfairburnebl@ustream.tv	Green	3/11/1993
Mitchael	Brumwell	mbrumwellbm@shutterfly.com	Maroon	2/17/2002
Cull	Marti	cmartibn@jalbum.net	Puce	12/9/2011
Joanne	Crawley	jcrawleybo@aol.com	Khaki	6/21/1996
Malynda	Gittoes	mgittoesbp@phoca.cz	Purple	9/20/1992
Augustine	Cornewall	acornewallbq@ifeng.com	Pink	9/9/2019
Frances	Rook	frookbr@go.com	Maroon	10/20/1995
Trueman	Malim	tmalimbs@seesaa.net	Mauv	12/21/2004
Charles	O'Shee	cosheebt@sogou.com	Pink	11/21/2009
Molli	Giamelli	mgiamellibu@harvard.edu	Mauv	8/21/1992
Mathew	Trazzi	mtrazzibv@amazon.co.jp	Green	8/13/1993
Phedra	Ruane	pruanebw@examiner.com	Goldenrod	3/15/1991
Madel	Dedenham	mdedenhambx@tmall.com	Aquamarine	1/14/1995
Celinda	Lockey	clockeyby@usatoday.com	Puce	7/3/2015
Johnna	Foffano	jfoffanobz@hexun.com	Teal	12/18/2001
Freddy	Rosenzwig	frosenzwigc0@craigslist.org	Aquamarine	6/16/2018
Elke	Matthewes	ematthewesc1@tiny.cc	Maroon	2/23/1995
Irene	Jellyman	ijellymanc2@mtv.com	Violet	10/31/2005
Evita	Boise	eboisec3@wikimedia.org	Puce	7/19/2006
Townie	Oughtright	toughtrightc4@shutterfly.com	Mauv	7/3/2014
Alejoa	Gusney	agusneyc5@census.gov	Aquamarine	6/10/2010
Britt	Metts	bmettsc6@amazon.com	Teal	10/11/1990
Lyn	Pantling	lpantlingc7@behance.net	Turquoise	8/17/2006
Rachelle	Sargent	rsargentc8@nifty.com	Blue	1/19/1999
Allyn	Rignoldes	arignoldesc9@imdb.com	Yellow	8/3/1998
Kipp	Rays	kraysca@yahoo.com	Fuscia	9/30/1998
Jorie	Reggler	jregglercb@dion.ne.jp	Maroon	10/30/2020
Doll	Duker	ddukercc@1und1.de	Purple	6/3/2006
Ailsun	Hutfield	ahutfieldcd@huffingtonpost.com	Yellow	8/1/1997
Lola	Conaboy	lconaboyce@japanpost.jp	Purple	6/6/2017
Raimundo	Macauley	rmacauleycf@is.gd	Green	11/16/1990
Enriqueta	Orrin	eorrincg@soundcloud.com	Aquamarine	2/22/2005
Babette	Lye	blyech@smugmug.com	Orange	10/8/2013
Christiane	Moodie	cmoodieci@shop-pro.jp	Indigo	10/7/2013
Trever	Pullan	tpullancj@taobao.com	Green	6/26/2007
Taffy	Gillham	tgillhamck@naver.com	Indigo	11/23/2015
Kermit	Melby	kmelbycl@topsy.com	Goldenrod	8/25/2020
Lianna	Dicks	ldickscm@imgur.com	Pink	5/10/2013
Genna	O'Quirk	goquirkcn@buzzfeed.com	Turquoise	6/20/1994
Abbye	Rough	aroughco@vinaora.com	Purple	7/6/2003
Abby	Wrathmell	awrathmellcp@mediafire.com	Violet	1/20/1991
Elvira	Dosdell	edosdellcq@hibu.com	Puce	8/27/2001
Ring	Pavier	rpaviercr@cloudflare.com	Khaki	11/4/2003
Elia	Galpin	egalpincs@bandcamp.com	Aquamarine	10/23/2006
Cad	Ianni	ciannict@bloglines.com	Crimson	12/15/2007
Maurits	Lawlan	mlawlancu@boston.com	Maroon	1/29/2018
Alf	Meany	ameanycv@wiley.com	Yellow	2/17/1993
Stan	Duer	sduercw@boston.com	Puce	5/31/2007
Kipper	Spinnace	kspinnacecx@bing.com	Turquoise	9/27/2010
Jilleen	Mundle	jmundlecy@dell.com	Aquamarine	7/4/2002
Emeline	Stonhard	estonhardcz@yellowbook.com	Goldenrod	7/31/2002
Taite	Marzello	tmarzellod0@google.fr	Blue	8/28/1997
Marthe	Reade	mreaded1@devhub.com	Goldenrod	2/11/2016
Niven	Relf	nrelfd2@macromedia.com	Goldenrod	10/7/1999
Caddric	Flynn	cflynnd3@booking.com	Blue	4/13/2012
Druci	Landells	dlandellsd4@mapy.cz	Orange	3/15/1993
Flint	Ivakhin	fivakhind5@geocities.jp	Violet	2/23/1996
Sibby	Escale	sescaled6@princeton.edu	Aquamarine	12/3/1997
Jefferey	Kolodziejski	jkolodziejskid7@icq.com	Goldenrod	7/26/2000
Damien	Threlfall	dthrelfalld8@si.edu	Teal	9/7/1993
Dawn	Pill	dpilld9@behance.net	Goldenrod	9/13/1992
Amerigo	Dann	adannda@booking.com	Maroon	3/28/2017
Bunni	Helks	bhelksdb@ft.com	Yellow	12/30/1994
Percy	Murthwaite	pmurthwaitedc@vk.com	Fuscia	1/31/1995
Christopher	Gorgl	cgorgldd@alexa.com	Turquoise	3/25/2020
Audrey	Gatesman	agatesmande@bloomberg.com	Turquoise	12/29/2020
Hobard	DeFreyne	hdefreynedf@wufoo.com	Purple	6/18/2015
Sharia	Posten	spostendg@pagesperso-orange.fr	Red	8/15/2019
Damien	Crick	dcrickdh@reuters.com	Teal	7/20/1992
Lloyd	Cianni	lciannidi@amazon.co.uk	Maroon	10/25/1998
Milty	Bourbon	mbourbondj@wisc.edu	Yellow	8/11/2004
Jim	Dark	jdarkdk@oaic.gov.au	Pink	10/20/2007
Seamus	Leither	sleitherdl@sina.com.cn	Pink	9/15/2012
Earle	Mallows	emallowsdm@sfgate.com	Turquoise	5/12/2010
Corene	Pocklington	cpocklingtondn@thetimes.co.uk	Orange	9/26/2018
Noreen	Matteau	nmatteaudo@plala.or.jp	Pink	6/4/1996
Westbrooke	Stones	wstonesdp@pbs.org	Aquamarine	4/5/1993
Elfie	Gutridge	egutridgedq@exblog.jp	Orange	7/6/1997
Base	Goodisson	bgoodissondr@businesswire.com	Yellow	8/4/2010
Vivyanne	Leacock	vleacockds@myspace.com	Mauv	7/29/2016
Stacy	Tommaseo	stommaseodt@mashable.com	Aquamarine	9/13/2018
Kelbee	Swalwel	kswalweldu@wikimedia.org	Puce	9/7/1997
Cyndi	Harmes	charmesdv@youku.com	Aquamarine	9/29/2009
Nat	Gadsby	ngadsbydw@nih.gov	Teal	1/11/2014
Lucho	McCambrois	lmccambroisdx@princeton.edu	Blue	1/9/1998
Abby	Baldacchino	abaldacchinody@stanford.edu	Purple	4/12/2004
Nerta	Simmens	nsimmensdz@networkadvertising.org	Maroon	4/6/1992
Adaline	Menicomb	amenicombe0@ocn.ne.jp	Crimson	1/24/2004
Tiffie	Sainthill	tsainthille1@slideshare.net	Pink	10/10/1993
Siana	Haney`	shaneye2@altervista.org	Purple	12/1/2004
Skelly	Hemeret	shemerete3@amazon.com	Khaki	10/6/2011
Izak	Brydon	ibrydone4@cornell.edu	Crimson	2/8/2005
Averill	Groocock	agroococke5@live.com	Pink	11/14/2005
Dar	Bleakley	dbleakleye6@multiply.com	Yellow	12/15/2003
Allin	Jollands	ajollandse7@bravesites.com	Crimson	12/11/2008
Fidelity	Sollam	fsollame8@uiuc.edu	Turquoise	11/3/1996
Dallon	Vaen	dvaene9@mit.edu	Turquoise	6/23/1998
Jeanie	Bolan	jbolanea@vistaprint.com	Green	11/15/2017
Nixie	Addess	naddesseb@themeforest.net	Puce	7/6/1997
Rowney	DeLascy	rdelascyec@examiner.com	Orange	5/21/2016
Maryjane	Giorgione	mgiorgioneed@ca.gov	Orange	5/3/2011
Sheffield	Teligin	steliginee@desdev.cn	Teal	8/8/2006
Almire	Vasilic	avasilicef@ehow.com	Pink	1/4/2011
Cami	Odney	codneyeg@scientificamerican.com	Orange	2/2/1997
Gill	Bernetti	gbernettieh@google.ca	Indigo	6/3/2000
Prescott	Balcock	pbalcockei@princeton.edu	Green	2/5/1998
Shaw	Harte	sharteej@barnesandnoble.com	Purple	2/13/2001
Ailey	Shakespeare	ashakespeareek@answers.com	Yellow	12/8/2018
Lombard	Troughton	ltroughtonel@i2i.jp	Blue	6/18/2008
Ellyn	Thunnercliffe	ethunnercliffeem@smh.com.au	Orange	1/8/2016
Dewie	Fronsek	dfronseken@photobucket.com	Orange	1/22/1992
Laryssa	Melendez	lmelendezeo@hud.gov	Red	11/3/2008
Carmita	Zoppie	czoppieep@a8.net	Mauv	3/3/2015
Lorin	O'Scanlan	loscanlaneq@skyrock.com	Blue	6/23/2009
Paolina	Poller	ppollerer@deliciousdays.com	Maroon	4/16/2013
Mendie	Binnie	mbinniees@ftc.gov	Blue	1/16/1998
Shelley	Pirrone	spirroneet@vistaprint.com	Maroon	6/25/2008
Scott	Eliasen	seliaseneu@tmall.com	Turquoise	6/8/1998
Malena	Buttery	mbutteryev@ca.gov	Crimson	9/15/2000
Holly-anne	Gallardo	hgallardoew@opensource.org	Puce	8/15/2001
Verge	Skinley	vskinleyex@hao123.com	Teal	1/13/2010
Tybie	Wyne	twyneey@businessinsider.com	Fuscia	3/12/2011
Hortensia	Marchelli	hmarchelliez@ebay.com	Maroon	6/6/2019
Ber	Wallbank	bwallbankf0@gov.uk	Turquoise	5/4/1994
Evvy	Goodisson	egoodissonf1@kickstarter.com	Khaki	8/29/1994
Brit	Bilsborrow	bbilsborrowf2@webnode.com	Blue	3/3/2019
Lyndy	Summerlee	lsummerleef3@sogou.com	Turquoise	5/22/2019
Averell	Leggon	aleggonf4@nytimes.com	Puce	12/9/2001
Anica	Dingle	adinglef5@microsoft.com	Indigo	3/20/2007
Susann	Truswell	struswellf6@google.nl	Purple	4/28/2017
Pablo	holmes	pholmesf7@live.com	Turquoise	3/17/2003
Griffy	Gilbart	ggilbartf8@nba.com	Blue	3/27/2008
Cindra	Bolstridge	cbolstridgef9@weibo.com	Mauv	11/21/2001
Hendrick	Issit	hissitfa@taobao.com	Mauv	5/12/2012
Rafaelita	Paddon	rpaddonfb@amazonaws.com	Blue	4/2/2001
Carena	Bosden	cbosdenfc@dailymotion.com	Puce	3/22/2019
Donovan	Amthor	damthorfd@ft.com	Puce	10/1/1994
Emmy	Chapellow	echapellowfe@ycombinator.com	Green	10/18/2017
Padraic	Stather	pstatherff@squidoo.com	Crimson	12/17/1996
Horacio	Ferrier	hferrierfg@usnews.com	Goldenrod	5/28/2010
Florence	Seagrave	fseagravefh@yale.edu	Teal	2/26/2012
Bridgette	Ziemke	bziemkefi@omniture.com	Goldenrod	1/27/2009
Stearn	Bohea	sboheafj@myspace.com	Khaki	9/1/2012
Augustus	LeTeve	aletevefk@sourceforge.net	Khaki	4/21/2013
Isidro	VanSon	ivansonfl@noaa.gov	Turquoise	6/9/2017
Araldo	Willgress	awillgressfm@paypal.com	Puce	2/26/1994
Ellswerth	Apthorpe	eapthorpefn@list-manage.com	Violet	7/24/2003
Lara	Rahl	lrahlfo@timesonline.co.uk	Puce	4/28/1990
Troy	Bryers	tbryersfp@economist.com	Khaki	8/7/1996
Vinny	Dahlman	vdahlmanfq@surveymonkey.com	Violet	7/4/2004
Dianemarie	Twitty	dtwittyfr@ifeng.com	Fuscia	11/20/2012
Cleavland	Hurry	churryfs@comsenz.com	Fuscia	9/15/2011
Silvio	McCreath	smccreathft@bing.com	Aquamarine	4/7/1999
Hiram	Pickerell	hpickerellfu@google.com.hk	Mauv	8/24/2020
Evaleen	Gage	egagefv@businessweek.com	Orange	12/7/2005
Martita	Conew	mconewfw@msu.edu	Khaki	4/6/1992
Veronika	Gutridge	vgutridgefx@nih.gov	Yellow	2/29/2020
Patrica	Fenner	pfennerfy@moonfruit.com	Yellow	4/13/1990
Peri	Sarjant	psarjantfz@deliciousdays.com	Teal	4/7/2009
Martita	Pettersen	mpetterseng0@msn.com	Maroon	7/25/2009
Romona	Dukes	rdukesg1@google.es	Indigo	4/28/1994
Eachelle	MacRonald	emacronaldg2@sciencedirect.com	Purple	10/31/1997
Tiffani	Rudiger	trudigerg3@acquirethisname.com	Orange	12/13/2003
Dennison	Lapere	dlapereg4@google.de	Indigo	11/22/2013
Gabriele	Daubeny	gdaubenyg5@wix.com	Mauv	5/14/1992
Willette	Remmer	wremmerg6@twitter.com	Maroon	9/9/2000
Reg	Pealing	rpealingg7@wired.com	Violet	8/24/2011
Candida	Verney	cverneyg8@wikipedia.org	Teal	11/17/2012
Merwyn	Kiddie	mkiddieg9@cisco.com	Orange	2/10/2020
Sophi	Shilton	sshiltonga@drupal.org	Crimson	11/16/2012
Nadia	Letterick	nletterickgb@4shared.com	Orange	8/2/2011
Bordy	Simak	bsimakgc@samsung.com	Maroon	4/6/2019
Cris	Parcall	cparcallgd@baidu.com	Puce	2/13/2006
Sunshine	Wolstenholme	swolstenholmege@imageshack.us	Mauv	9/25/1996
Bryce	Fellgatt	bfellgattgf@skype.com	Violet	7/23/2012
Charleen	Brayfield	cbrayfieldgg@chron.com	Yellow	2/8/2003
Jessamine	German	jgermangh@diigo.com	Blue	9/3/1992
Isahella	Milkins	imilkinsgi@si.edu	Purple	12/13/2009
Hunter	O'Doherty	hodohertygj@pen.io	Purple	12/27/2000
Florri	Swiers	fswiersgk@jimdo.com	Mauv	5/11/2019
Aguste	Francomb	afrancombgl@wp.com	Aquamarine	3/3/2010
Ber	Pearson	bpearsongm@cisco.com	Maroon	5/29/2017
Cori	Widdowfield	cwiddowfieldgn@chronoengine.com	Indigo	2/19/1999
Wilow	Seath	wseathgo@ted.com	Purple	5/4/1997
Lucita	Maffulli	lmaffulligp@timesonline.co.uk	Yellow	12/17/2001
Philippine	Sorley	psorleygq@geocities.com	Maroon	10/1/2005
Torrie	Victor	tvictorgr@skyrock.com	Fuscia	2/23/2004
Rancell	Tippett	rtippettgs@godaddy.com	Maroon	7/11/2010
Giacomo	Delves	gdelvesgt@squarespace.com	Mauv	4/28/2018
Aleda	Lismer	alismergu@canalblog.com	Khaki	6/25/2014
Lorette	Deeny	ldeenygv@skype.com	Mauv	12/21/2008
Jeffy	Guerrier	jguerriergw@nps.gov	Aquamarine	3/29/1995
Dieter	Nolan	dnolangx@wikia.com	Goldenrod	5/22/2010
Cesaro	Flippen	cflippengy@wikispaces.com	Blue	3/17/2015
Ash	Scud	ascudgz@amazon.co.uk	Purple	12/10/2005
Odo	MacCorkell	omaccorkellh0@europa.eu	Red	12/2/2005
Wanids	Sneyd	wsneydh1@rediff.com	Yellow	7/29/1991
Pren	Lammertz	plammertzh2@who.int	Maroon	8/27/2006
Grenville	Coskerry	gcoskerryh3@amazon.co.uk	Blue	6/20/1998
Tammie	Siss	tsissh4@qq.com	Turquoise	10/11/2013
Lev	Inman	linmanh5@usnews.com	Maroon	4/9/1998
Ricki	Spada	rspadah6@squarespace.com	Aquamarine	2/20/2006
Lesly	Crocket	lcrocketh7@msn.com	Goldenrod	5/20/2015
Lianna	Kepe	lkepeh8@omniture.com	Red	2/26/1990
Gardner	Ibbitt	gibbitth9@ox.ac.uk	Khaki	10/15/1996
Albertina	Eshelby	aeshelbyha@webnode.com	Pink	12/24/2009
Edwina	Wetheril	ewetherilhb@nifty.com	Fuscia	5/30/2008
Harli	Messer	hmesserhc@mozilla.org	Mauv	5/16/1999
Gil	Piggen	gpiggenhd@jalbum.net	Pink	12/13/2005
Selia	Gye	sgyehe@amazon.de	Pink	11/3/2012
Lanette	Novakovic	lnovakovichf@craigslist.org	Yellow	3/27/2018
Windham	Goard	wgoardhg@usa.gov	Pink	2/24/1994
Lebbie	Woolvett	lwoolvetthh@weibo.com	Red	10/16/2002
Conchita	Hayth	chaythhi@walmart.com	Violet	2/21/1993
Reba	DeDomenico	rdedomenicohj@ameblo.jp	Indigo	7/22/2012
Quinton	Breakey	qbreakeyhk@house.gov	Pink	11/13/1993
Casar	Birts	cbirtshl@nsw.gov.au	Goldenrod	5/18/2007
Taffy	Bunten	tbuntenhm@harvard.edu	Yellow	8/19/1991
Haskell	McCome	hmccomehn@youtube.com	Goldenrod	3/15/2000
Hodge	VanHalen	hvanhalenho@webnode.com	Green	2/11/2012
Pacorro	Manchett	pmanchetthp@hatena.ne.jp	Maroon	6/10/2012
Delores	Tootal	dtootalhq@earthlink.net	Fuscia	7/11/1996
Kaia	Howell	khowellhr@51.la	Maroon	10/24/2014
Hoyt	Holbarrow	hholbarrowhs@apple.com	Teal	1/16/2001
Mendel	Cassels	mcasselsht@paginegialle.it	Turquoise	1/6/1994
Felice	Biggin	fbigginhu@networksolutions.com	Maroon	9/8/1992
Desmund	Connett	dconnetthv@paypal.com	Turquoise	12/21/2006
Ferdie	Blackham	fblackhamhw@umn.edu	Teal	8/19/2019
Lenora	Tansly	ltanslyhx@acquirethisname.com	Khaki	6/15/2018
Zaccaria	Scamwell	zscamwellhy@trellian.com	Orange	5/26/2004
Dallon	Bagge	dbaggehz@imageshack.us	Teal	6/13/2014
Irwinn	Arstall	iarstalli0@feedburner.com	Goldenrod	6/9/1990
Kristen	Winspurr	kwinspurri1@bloglovin.com	Yellow	10/24/1991
Mario	Krugmann	mkrugmanni2@ehow.com	Pink	3/4/2012
Phaedra	Odhams	podhamsi3@tuttocitta.it	Mauv	3/1/2006
Arden	VanderBrug	avanderbrugi4@php.net	Fuscia	12/1/2011
Moss	Clowsley	mclowsleyi5@imdb.com	Maroon	10/25/1998
Bert	Bing	bbingi6@studiopress.com	Green	1/3/2014
Nevile	Posen	nposeni7@zimbio.com	Aquamarine	8/28/1991
Derry	Worshall	dworshalli8@sbwire.com	Green	3/29/1990
Abigail	Colson	acolsoni9@cbc.ca	Purple	11/19/2013
Doreen	Youles	dyoulesia@epa.gov	Green	6/13/2006
Duke	Eady	deadyib@time.com	Red	8/25/2016
Shani	Lening	sleningic@nyu.edu	Turquoise	11/20/2019
Ingaberg	Prattington	iprattingtonid@nymag.com	Purple	5/21/2002
Merrie	Grundey	mgrundeyie@google.com.au	Fuscia	5/15/1994
Delinda	Stowell	dstowellif@weibo.com	Indigo	3/2/1998
Gaby	Methuen	gmethuenig@barnesandnoble.com	Teal	8/26/2002
Ragnar	Aldred	raldredih@flickr.com	Indigo	5/26/2015
Elsie	Try	etryii@cam.ac.uk	Orange	4/7/2008
Minette	Tripney	mtripneyij@tripod.com	Fuscia	12/18/2002
Emmy	Aldin	ealdinik@constantcontact.com	Mauv	5/3/2014
Thalia	Stuehmeier	tstuehmeieril@cnet.com	Violet	2/26/1990
Tedie	Teulier	tteulierim@topsy.com	Pink	2/15/2017
Brendis	Thiese	bthiesein@qq.com	Aquamarine	8/23/2016
Franky	Stainland	fstainlandio@dot.gov	Yellow	7/11/2020
Peri	Elwood	pelwoodip@cargocollective.com	Blue	5/27/1991
Cortney	Barrott	cbarrottiq@shutterfly.com	Orange	3/17/2004
Clay	Killock	ckillockir@unblog.fr	Violet	7/27/2004
Alister	Carmo	acarmois@answers.com	Purple	2/29/2020
Tarrah	Picott	tpicottit@blog.com	Aquamarine	8/9/2001
Carling	Torrie	ctorrieiu@archive.org	Aquamarine	3/22/1999
Grove	Arnold	garnoldiv@squarespace.com	Goldenrod	7/20/2003
Nichole	Braham	nbrahamiw@amazon.co.uk	Yellow	2/17/1997
Kristel	Polly	kpollyix@last.fm	Blue	4/24/1997
Griselda	Pridgeon	gpridgeoniy@feedburner.com	Goldenrod	7/27/1998
Briano	Kovnot	bkovnotiz@jiathis.com	Pink	4/25/2003
Lori	Arling	larlingj0@tiny.cc	Teal	7/9/2002
Delores	Roseman	drosemanj1@squarespace.com	Pink	6/25/2001
Odie	Leftridge	oleftridgej2@accuweather.com	Red	8/3/1995
Ange	MacGruer	amacgruerj3@hostgator.com	Indigo	6/10/1992
Hildegarde	Diprose	hdiprosej4@princeton.edu	Purple	3/31/2018
Jaymee	Petrov	jpetrovj5@nasa.gov	Khaki	5/10/2006
Krispin	Weippert	kweippertj6@miibeian.gov.cn	Red	12/7/2013
Ab	Bolderoe	abolderoej7@last.fm	Puce	1/28/2004
Grover	Wrathmall	gwrathmallj8@lulu.com	Mauv	7/18/1997
Chandra	Thowes	cthowesj9@rediff.com	Green	4/14/1991
Michal	Mainz	mmainzja@cdc.gov	Fuscia	4/27/2008
Dame	Winkle	dwinklejb@hao123.com	Fuscia	5/1/2002
Sara	Lye	slyejc@craigslist.org	Pink	4/11/2001
Willabella	Janusik	wjanusikjd@apache.org	Purple	11/22/2009
Lisha	Rist	lristje@lulu.com	Red	6/8/1993
Cosmo	McIlraith	cmcilraithjf@nsw.gov.au	Aquamarine	7/31/1994
Catrina	Bensusan	cbensusanjg@wunderground.com	Pink	12/17/2019
Holly	Phillipson	hphillipsonjh@nps.gov	Blue	9/5/2006
Meryl	Dunford	mdunfordji@cnn.com	Blue	11/1/2012
Gilles	McAvin	gmcavinjj@wsj.com	Fuscia	6/12/2012
Stearn	Chalfain	schalfainjk@godaddy.com	Red	5/3/1998
Wilt	Dunstan	wdunstanjl@smh.com.au	Maroon	4/15/2003
Anna-maria	Marking	amarkingjm@slate.com	Red	3/26/1999
Milka	Lilleycrop	mlilleycropjn@home.pl	Orange	2/19/2014
Stillmann	Murfill	smurfilljo@netlog.com	Crimson	11/6/2009
Hartwell	Askham	haskhamjp@parallels.com	Puce	7/10/2003
Bertine	Sibbs	bsibbsjq@weather.com	Turquoise	8/25/1994
Erina	Sexton	esextonjr@biblegateway.com	Teal	4/4/2005
Ebonee	Attwoull	eattwoulljs@artisteer.com	Purple	10/26/2018
Vivyan	Fidelli	vfidellijt@archive.org	Indigo	4/16/1997
Ashlin	Radoux	aradouxju@multiply.com	Violet	11/8/1995
Miguela	Maiden	mmaidenjv@reverbnation.com	Turquoise	7/23/2002
Sydel	Zanutti	szanuttijw@indiatimes.com	Goldenrod	9/20/2009
Rania	Sandham	rsandhamjx@bigcartel.com	Khaki	4/19/1997
Elsy	Skitch	eskitchjy@rambler.ru	Indigo	8/2/2016
Larissa	Berge	lbergejz@fotki.com	Yellow	7/19/2002
Vasily	Coram	vcoramk0@meetup.com	Teal	12/15/2012
Sayre	Baumadier	sbaumadierk1@last.fm	Puce	11/11/1999
Perl	Upwood	pupwoodk2@tamu.edu	Fuscia	7/26/1995
Aileen	O'Beirne	aobeirnek3@mozilla.com	Crimson	5/20/2009
Ora	Conyers	oconyersk4@jimdo.com	Goldenrod	7/9/1991
Karole	Matysik	kmatysikk5@cisco.com	Aquamarine	7/4/2008
Johnathon	D'Antuoni	jdantuonik6@typepad.com	Yellow	1/15/2010
Antons	Heatley	aheatleyk7@hostgator.com	Fuscia	5/24/2001
Juliann	Bagshaw	jbagshawk8@taobao.com	Mauv	9/20/2005
Normand	Scaife	nscaifek9@marketwatch.com	Maroon	5/27/2015
Collen	McArtan	cmcartanka@4shared.com	Red	8/7/2011
Sioux	Dubery	sduberykb@addtoany.com	Crimson	10/16/2006
Carmela	Winterborne	cwinterbornekc@yahoo.co.jp	Violet	5/9/2010
Omar	Hubbold	ohubboldkd@dell.com	Orange	9/17/1990
Joanne	McCloud	jmccloudke@themeforest.net	Pink	3/2/2012
Timmy	Boustead	tbousteadkf@goo.gl	Blue	7/16/2008
Helli	Marshallsay	hmarshallsaykg@economist.com	Turquoise	1/25/1995
Fannie	Tench	ftenchkh@nsw.gov.au	Goldenrod	10/14/2000
Ken	Quibell	kquibellki@networkadvertising.org	Indigo	6/28/2020
Rici	Illston	rillstonkj@github.io	Mauv	7/17/2008
Anderson	Pedroli	apedrolikk@rediff.com	Aquamarine	9/16/1992
Guendolen	Vahey	gvaheykl@howstuffworks.com	Purple	2/1/2018
Louie	Drinkel	ldrinkelkm@tiny.cc	Orange	3/28/2017
Andrus	MacDougal	amacdougalkn@livejournal.com	Red	3/16/2020
Rhona	Fair	rfairko@prweb.com	Fuscia	12/10/2007
Temp	Tuting	ttutingkp@netlog.com	Aquamarine	10/12/1996
Haven	Greenfield	hgreenfieldkq@hubpages.com	Teal	8/18/2005
Guillermo	Greasley	ggreasleykr@mail.ru	Crimson	11/1/2008
Ellynn	Apfler	eapflerks@tripadvisor.com	Orange	7/9/1997
Imogene	Price	ipricekt@comcast.net	Crimson	6/1/1990
Candra	Rove	croveku@unc.edu	Purple	10/31/1993
Legra	Glastonbury	lglastonburykv@sitemeter.com	Red	7/11/2009
Marley	Whates	mwhateskw@instagram.com	Puce	10/9/2012
Alverta	Randerson	arandersonkx@instagram.com	Yellow	12/28/2011
Sammy	Postle	spostleky@columbia.edu	Khaki	8/17/1997
Stella	Holbie	sholbiekz@over-blog.com	Orange	11/7/2016
Herminia	Teal	hteall0@auda.org.au	Blue	5/19/1990
Kalila	Minghi	kminghil1@lulu.com	Blue	4/15/2019
Lenci	Cocklie	lcockliel2@salon.com	Turquoise	10/29/1993
Luella	Oxenford	loxenfordl3@livejournal.com	Goldenrod	6/27/2003
Jamey	Gabby	jgabbyl4@youtube.com	Indigo	9/25/2018
Cookie	Winterborne	cwinterbornel5@reference.com	Teal	7/2/2009
Margeaux	Belsher	mbelsherl6@angelfire.com	Orange	9/3/2016
Oralla	Oddie	ooddiel7@washington.edu	Aquamarine	11/19/2002
Shel	Andrassy	sandrassyl8@jimdo.com	Maroon	1/17/2005
Lavinia	Oppy	loppyl9@indiegogo.com	Khaki	2/15/2005
Cad	Brocking	cbrockingla@ucoz.com	Turquoise	4/7/2007
Sammy	Oiller	soillerlb@va.gov	Turquoise	3/16/1996
Kerrill	Mottini	kmottinilc@digg.com	Puce	11/7/2008
Jamil	Sills	jsillsld@wufoo.com	Indigo	4/18/2019
Giraldo	Campbell	gcampbellle@google.com.au	Red	4/13/1992
Kennett	Puttnam	kputtnamlf@histats.com	Orange	1/30/2007
Tania	Landsman	tlandsmanlg@booking.com	Puce	11/30/2003
Barthel	Ong	bonglh@51.la	Pink	6/14/2018
Auroora	Althrop	aalthropli@google.com.hk	Goldenrod	12/17/1997
Pamela	Vatini	pvatinilj@seattletimes.com	Fuscia	4/2/2010
Ivonne	Choupin	ichoupinlk@comsenz.com	Mauv	3/17/2009
Sibyl	Bresman	sbresmanll@mail.ru	Khaki	12/26/1992
Jesus	Sibbs	jsibbslm@google.com	Yellow	3/3/2000
Linell	Dictus	ldictusln@illinois.edu	Fuscia	1/24/1997
Preston	Kulas	pkulaslo@newyorker.com	Aquamarine	2/6/1991
Glori	Brogden	gbrogdenlp@cisco.com	Turquoise	4/24/2005
Giacinta	Mangeon	gmangeonlq@dot.gov	Maroon	6/19/2017
Rozella	O'Shee	rosheelr@smugmug.com	Indigo	4/4/2005
Jermaine	Cudbird	jcudbirdls@japanpost.jp	Teal	4/28/2018
Ruthann	Balstone	rbalstonelt@mail.ru	Khaki	8/16/2015
Dino	Duigan	dduiganlu@foxnews.com	Khaki	3/5/2002
Caitrin	Maryott	cmaryottlv@amazon.com	Purple	1/4/2011
Ardis	Andretti	aandrettilw@baidu.com	Indigo	8/14/2017
Gale	Bernon	gbernonlx@bbc.co.uk	Crimson	12/25/2007
Melvyn	Hallowell	mhallowellly@nasa.gov	Khaki	7/7/2014
Karry	Rowan	krowanlz@hexun.com	Green	11/7/1998
Octavius	Corn	ocornm0@ezinearticles.com	Aquamarine	11/10/1998
Farr	Chislett	fchislettm1@ustream.tv	Yellow	11/24/2008
Allie	Matyushonok	amatyushonokm2@dedecms.com	Orange	10/1/2020
Sargent	Kleinhandler	skleinhandlerm3@mapquest.com	Indigo	1/8/1995
Jens	Lawey	jlaweym4@booking.com	Pink	3/10/2015
Callida	Ebbing	cebbingm5@google.co.uk	Khaki	4/29/2019
Ario	Welford	awelfordm6@mapquest.com	Mauv	12/4/2007
Rodd	Breznovic	rbreznovicm7@princeton.edu	Turquoise	4/11/2009
Hasheem	Tiernan	htiernanm8@homestead.com	Mauv	12/19/2020
Terencio	Jaquet	tjaquetm9@hibu.com	Violet	10/11/1990
Case	Dimelow	cdimelowma@plala.or.jp	Purple	10/1/1993
Anselm	Denis	adenismb@ed.gov	Green	11/6/2017
Ryley	Hutchings	rhutchingsmc@businesswire.com	Aquamarine	1/7/1992
Rockie	Croce	rcrocemd@nbcnews.com	Mauv	12/15/2001
Sada	Checkley	scheckleyme@businesswire.com	Aquamarine	1/2/2019
Krishna	Dregan	kdreganmf@nifty.com	Indigo	3/26/2019
Marybelle	Praill	mpraillmg@examiner.com	Puce	6/30/2000
Lynnette	MacAnulty	lmacanultymh@blogger.com	Orange	9/2/2003
Tracy	Sheerman	tsheermanmi@narod.ru	Mauv	4/1/1992
Ev	Seiler	eseilermj@google.es	Red	10/21/2011
Carla	Seid	cseidmk@wufoo.com	Violet	4/1/1997
Gene	Falconer	gfalconerml@yelp.com	Pink	9/6/2004
Krystalle	Marrion	kmarrionmm@hhs.gov	Indigo	12/3/2009
Farrah	Kubatsch	fkubatschmn@liveinternet.ru	Red	6/17/1999
Nester	Sinnott	nsinnottmo@123-reg.co.uk	Aquamarine	8/19/1996
Maxwell	Rasell	mrasellmp@tinyurl.com	Puce	11/13/2009
Shawn	Itshak	sitshakmq@purevolume.com	Pink	7/28/1999
Lynde	Bingall	lbingallmr@4shared.com	Pink	3/2/2004
Herbie	Managh	hmanaghms@theglobeandmail.com	Violet	11/3/2008
Fredric	Boas	fboasmt@booking.com	Fuscia	3/18/2015
Julissa	Linay	jlinaymu@themeforest.net	Violet	1/24/1997
Rahal	Gurdon	rgurdonmv@elpais.com	Violet	12/30/1998
Milissent	Ysson	myssonmw@archive.org	Crimson	4/10/2017
Murial	Wallworth	mwallworthmx@furl.net	Pink	5/9/2005
Carmencita	Watkinson	cwatkinsonmy@eventbrite.com	Fuscia	3/13/2020
Gustave	Simoncelli	gsimoncellimz@washington.edu	Khaki	7/11/1994
Naoma	Abrahams	nabrahamsn0@unicef.org	Green	6/12/1990
Francesca	Oldred	foldredn1@marriott.com	Green	8/27/2004
Gina	Guiduzzi	gguiduzzin2@goo.ne.jp	Red	3/22/2009
Hubert	Sleford	hslefordn3@vk.com	Goldenrod	12/10/2018
Bar	Martini	bmartinin4@jalbum.net	Mauv	8/19/2010
Lauren	Emanulsson	lemanulssonn5@ocn.ne.jp	Aquamarine	9/23/2014
Alexis	Cullip	acullipn6@mlb.com	Green	12/21/2016
Vivia	Ehrat	vehratn7@economist.com	Khaki	10/1/2005
Maxie	Bea	mbean8@latimes.com	Puce	9/4/1992
Atlanta	Fancet	afancetn9@thetimes.co.uk	Orange	11/3/2012
Dody	Rhymer	drhymerna@who.int	Orange	5/5/2003
Marci	Barstock	mbarstocknb@wordpress.com	Orange	1/29/1992
Ebonee	Chamberlin	echamberlinnc@adobe.com	Maroon	3/19/1996
Alfy	Scawen	ascawennd@amazon.co.jp	Blue	4/22/2018
Jillana	Anslow	janslowne@tumblr.com	Khaki	7/6/2010
Tasia	Serle	tserlenf@weebly.com	Purple	9/1/1996
Retha	Hubbock	rhubbockng@altervista.org	Red	5/22/1990
Delora	Pickover	dpickovernh@hud.gov	Red	6/9/2008
Arlana	Sprake	asprakeni@blogs.com	Goldenrod	5/31/2006
Fritz	Burland	fburlandnj@prweb.com	Indigo	6/9/2014
Elianora	Luckwell	eluckwellnk@bandcamp.com	Fuscia	10/8/2000
Kath	Dufaur	kdufaurnl@163.com	Green	1/27/2008
Jarrid	Tregidgo	jtregidgonm@multiply.com	Khaki	8/16/2000
Nancee	Marzellano	nmarzellanonn@unblog.fr	Violet	1/21/1994
Skylar	Sasser	ssasserno@ycombinator.com	Teal	2/13/2011
Marlon	Sedgeman	msedgemannp@jiathis.com	Turquoise	8/27/2017
Bernardine	Andrejevic	bandrejevicnq@patch.com	Crimson	7/5/2012
Gertruda	Ladds	gladdsnr@scribd.com	Pink	1/5/1995
Elyn	Shawel	eshawelns@paginegialle.it	Green	12/10/2008
Olga	Conor	oconornt@fc2.com	Blue	7/21/2009
Mickie	Demchen	mdemchennu@moonfruit.com	Crimson	5/15/2010
Biddie	Trahear	btrahearnv@nyu.edu	Orange	9/4/2010
Celisse	Ick	cicknw@mapquest.com	Maroon	10/18/2006
Merell	Menault	mmenaultnx@microsoft.com	Indigo	11/12/1999
Olva	Mechi	omechiny@auda.org.au	Yellow	8/1/2011
Cullen	Plaice	cplaicenz@ucoz.com	Pink	2/18/2010
Anthea	Sutton	asuttono0@google.com.br	Teal	1/10/2008
Cobbie	Buick	cbuicko1@seattletimes.com	Indigo	3/11/2017
Dosi	Pessler	dpesslero2@archive.org	Puce	6/14/2011
Christalle	Ickeringill	cickeringillo3@scientificamerican.com	Aquamarine	9/19/2001
Joana	Gutans	jgutanso4@jalbum.net	Green	12/18/2007
Shanon	Dincke	sdinckeo5@mtv.com	Fuscia	9/9/2008
Lyndsay	Enrique	lenriqueo6@prlog.org	Yellow	5/10/1992
Gonzales	Jermin	gjermino7@wisc.edu	Blue	2/7/2010
Dante	Tomaskunas	dtomaskunaso8@amazon.de	Indigo	4/29/1994
Tobey	Shevlan	tshevlano9@cloudflare.com	Turquoise	1/18/2021
Oralia	Flahive	oflahiveoa@lycos.com	Turquoise	12/20/2016
Micky	Bridson	mbridsonob@redcross.org	Teal	1/11/2007
Orion	Farrant	ofarrantoc@histats.com	Maroon	9/30/1991
Tanney	Broader	tbroaderod@ted.com	Mauv	5/15/1996
Talbot	Juggins	tjugginsoe@reverbnation.com	Blue	8/8/2014
Dorelle	Ovendale	dovendaleof@amazon.co.uk	Blue	4/11/2014
Ophelie	Dax	odaxog@gizmodo.com	Violet	10/17/2001
Harwilll	Poolman	hpoolmanoh@etsy.com	Fuscia	10/22/2011
Corbett	Rowthorn	crowthornoi@constantcontact.com	Green	8/5/1993
Saba	Boatwright	sboatwrightoj@statcounter.com	Orange	8/22/1996
Sharline	Martusewicz	smartusewiczok@flavors.me	Crimson	12/11/1999
Schuyler	Byard	sbyardol@gmpg.org	Indigo	8/6/1998
Emyle	Noirel	enoirelom@si.edu	Puce	8/19/2009
Eudora	Petticrow	epetticrowon@gov.uk	Puce	4/21/2000
Lock	Gallone	lgalloneoo@sbwire.com	Pink	10/8/2016
Marmaduke	Vian	mvianop@microsoft.com	Blue	5/27/2015
Chico	Cuttler	ccuttleroq@stanford.edu	Fuscia	11/4/1994
Garry	Stoner	gstoneror@disqus.com	Green	11/14/1992
Hastie	Daniellot	hdaniellotos@fc2.com	Goldenrod	12/3/1997
Lola	Storie	lstorieot@fda.gov	Green	6/23/2003
Clarey	Arrow	carrowou@cloudflare.com	Purple	1/3/2005
Lay	Iannuzzi	liannuzziov@mail.ru	Aquamarine	9/6/2009
Jocelyn	Heilds	jheildsow@ca.gov	Maroon	2/22/1991
Gail	Bartholomieu	gbartholomieuox@springer.com	Puce	10/26/2001
Darda	Rawsthorne	drawsthorneoy@kickstarter.com	Fuscia	8/3/1994
Cordi	Arlett	carlettoz@163.com	Mauv	1/25/1992
Allyn	Shutler	ashutlerp0@godaddy.com	Indigo	12/27/2013
Paloma	Michelin	pmichelinp1@feedburner.com	Fuscia	1/25/2005
Gae	Lysons	glysonsp2@zdnet.com	Red	6/12/2002
Any	Britch	abritchp3@chicagotribune.com	Crimson	1/19/2015
Engelbert	MacKaig	emackaigp4@is.gd	Maroon	8/17/1998
Casey	Trattles	ctrattlesp5@facebook.com	Red	11/15/2004
Farr	Spere	fsperep6@springer.com	Purple	1/5/2005
Lenora	Schechter	lschechterp7@uol.com.br	Yellow	3/1/1991
Roxanne	Shaplin	rshaplinp8@mozilla.com	Blue	3/8/2014
Anjanette	Jocelyn	ajocelynp9@telegraph.co.uk	Purple	5/25/2020
Veradis	Oliveti	volivetipa@hatena.ne.jp	Mauv	5/23/2014
Amalee	Melendez	amelendezpb@hp.com	Red	7/23/1990
Holli	Lawie	hlawiepc@arstechnica.com	Purple	4/24/1992
Fidel	Castagnasso	fcastagnassopd@cam.ac.uk	Violet	4/29/2000
Roda	Legate	rlegatepe@wufoo.com	Green	2/7/1991
Fraze	Stolting	fstoltingpf@twitter.com	Maroon	12/18/2011
Kerrill	Goodhall	kgoodhallpg@msn.com	Fuscia	1/1/1997
Tammy	Bernuzzi	tbernuzziph@sogou.com	Violet	9/28/2010
Denice	Childers	dchilderspi@privacy.gov.au	Goldenrod	8/14/2017
Rudolph	Lingard	rlingardpj@slideshare.net	Red	5/30/1991
Waly	Jensen	wjensenpk@oakley.com	Goldenrod	6/22/1990
Barret	Dinning	bdinningpl@imgur.com	Red	1/19/1991
Harmonie	Farnish	hfarnishpm@purevolume.com	Khaki	9/21/2017
Fidelia	Grishankov	fgrishankovpn@sun.com	Mauv	9/24/1999
Georgeanne	Bernardi	gbernardipo@livejournal.com	Fuscia	1/7/2007
Estrellita	Benjamin	ebenjaminpp@techcrunch.com	Maroon	8/2/1993
Westbrooke	Wimlett	wwimlettpq@wiley.com	Green	11/18/2010
Aldus	Southeran	asoutheranpr@state.gov	Pink	7/18/2011
Lina	Bewlay	lbewlayps@vkontakte.ru	Teal	12/17/2006
Sean	Aharoni	saharonipt@addthis.com	Turquoise	12/24/1997
Isaak	Mulloch	imullochpu@vk.com	Mauv	12/15/2015
Evelin	Bengoechea	ebengoecheapv@seesaa.net	Goldenrod	1/15/1995
Dore	DeFerraris	ddeferrarispw@imgur.com	Fuscia	2/28/1990
Bronnie	Willmott	bwillmottpx@diigo.com	Fuscia	8/4/2001
Rudd	Ambrogelli	rambrogellipy@diigo.com	Green	5/27/1994
Moore	Milthorpe	mmilthorpepz@nba.com	Fuscia	5/23/2001
Billie	Hanshawe	bhanshaweq0@hostgator.com	Goldenrod	6/5/2020
Simone	Quantrill	squantrillq1@1und1.de	Aquamarine	3/20/2010
Clyve	Foakes	cfoakesq2@mtv.com	Orange	5/16/2000
Lura	McCoy	lmccoyq3@cbc.ca	Pink	3/18/1994
Hillel	Fortman	hfortmanq4@dagondesign.com	Red	12/28/2008
Stacee	Kelf	skelfq5@forbes.com	Puce	10/7/2017
Karlan	Howel	khowelq6@mtv.com	Fuscia	7/9/1998
Arabele	Pepall	apepallq7@accuweather.com	Puce	10/27/2009
Berny	Juszkiewicz	bjuszkiewiczq8@elegantthemes.com	Yellow	5/5/2009
Cathlene	Saltrese	csaltreseq9@theguardian.com	Yellow	6/10/2011
Larisa	Mourbey	lmourbeyqa@amazon.co.uk	Yellow	5/3/2008
Cal	Gilhool	cgilhoolqb@apple.com	Mauv	2/18/2002
Clemence	Lucy	clucyqc@sitemeter.com	Puce	10/2/1997
Mella	McGroarty	mmcgroartyqd@google.co.jp	Blue	4/11/2019
Craggie	Natt	cnattqe@nature.com	Blue	9/5/1998
Alisander	Sidnell	asidnellqf@simplemachines.org	Fuscia	12/21/2012
Alfons	Lacrouts	alacroutsqg@techcrunch.com	Pink	4/22/2008
Morie	Leavesley	mleavesleyqh@miitbeian.gov.cn	Maroon	5/24/2004
Garry	Duffan	gduffanqi@google.com.au	Violet	5/12/2000
Donavon	Huncoot	dhuncootqj@mediafire.com	Khaki	10/10/2016
Rogers	Attwell	rattwellqk@bbb.org	Goldenrod	5/7/2020
Jarrod	Kimberly	jkimberlyql@imageshack.us	Red	10/21/2008
Drew	Stiles	dstilesqm@cnbc.com	Aquamarine	11/8/2001
Marena	Brunner	mbrunnerqn@wufoo.com	Goldenrod	9/25/1999
Megen	Bitcheno	mbitchenoqo@xinhuanet.com	Violet	3/4/2017
Elberta	Beton	ebetonqp@plala.or.jp	Violet	3/13/2014
Alis	Cholonin	acholoninqq@apache.org	Indigo	2/27/1996
Augy	Vautrey	avautreyqr@smh.com.au	Blue	10/21/1990
Skipp	Phizaclea	sphizacleaqs@techcrunch.com	Puce	9/21/2010
Iver	Zink	izinkqt@fotki.com	Pink	9/12/2003
Tommie	Peron	tperonqu@bravesites.com	Maroon	7/15/2018
Bridget	Shovlin	bshovlinqv@devhub.com	Green	9/29/2015
Harp	McQuillan	hmcquillanqw@stanford.edu	Crimson	1/1/1991
Boigie	Darby	bdarbyqx@wix.com	Khaki	8/5/1997
Pearl	Witheford	pwithefordqy@ovh.net	Maroon	4/22/1994
Aloisia	Romanini	aromaniniqz@google.it	Maroon	4/1/2005
Harland	Curtain	hcurtainr0@phoca.cz	Blue	11/15/2007
Geoffrey	Ciccottini	gciccottinir1@bigcartel.com	Purple	11/30/2018
Madelene	Ridings	mridingsr2@google.es	Violet	12/30/2015
Lexie	Stendell	lstendellr3@nhs.uk	Purple	3/28/2018
Darcie	Pierse	dpierser4@biglobe.ne.jp	Blue	3/17/2010
Grayce	Truluck	gtruluckr5@studiopress.com	Fuscia	8/19/2012
Tucky	Godfree	tgodfreer6@pinterest.com	Aquamarine	5/15/2019
Lanita	Lemerle	llemerler7@goodreads.com	Blue	12/29/1994
Maire	Helks	mhelksr8@spotify.com	Green	6/20/1995
Mari	Jacobs	mjacobsr9@1und1.de	Green	3/17/2001
Bert	Haime	bhaimera@myspace.com	Maroon	11/20/2000
Taffy	Silvers	tsilversrb@ebay.com	Teal	10/21/1991
Melicent	Forten	mfortenrc@privacy.gov.au	Purple	2/5/2020
Sibyl	Lorman	slormanrd@elegantthemes.com	Violet	8/5/2019
Ferdinand	Soame	fsoamere@tinyurl.com	Puce	8/18/2007
Alika	Palek	apalekrf@ucsd.edu	Aquamarine	2/3/1998
Rafaela	DeBeneditti	rdebenedittirg@sourceforge.net	Red	6/29/2004
Brigg	Ravel	bravelrh@hostgator.com	Mauv	9/24/2014
Bobbe	Darko	bdarkori@photobucket.com	Crimson	11/16/1999
Edmon	Kristiansen	ekristiansenrj@issuu.com	Yellow	9/28/2000
Cornell	Paffitt	cpaffittrk@friendfeed.com	Yellow	9/24/2013
Nye	Laneham	nlanehamrl@ftc.gov	Red	1/16/2004
Rubia	Basten	rbastenrm@thetimes.co.uk	Yellow	6/23/1992
Connie	Yepiskopov	cyepiskopovrn@qq.com	Purple	9/30/2020
Floria	Batalle	fbatallero@ed.gov	Crimson	10/25/2016
Ingelbert	Bergin	iberginrp@comsenz.com	Green	7/27/2015
Juline	Wilsdon	jwilsdonrq@tinyurl.com	Turquoise	6/19/1994
Carmelia	Skeen	cskeenrr@yale.edu	Goldenrod	8/19/2002
