Dorthea,Fontanet,dfontanet0@dropbox.com,Teal,1/19/2013
Norry,Arnely,narnely1@bigcartel.com,Indigo,5/5/1990
Aida,Blencoe,ablencoe2@nasa.gov,Red,5/22/2018
Jacquelyn,Hagston,jhagston3@ezinearticles.com,Maroon,6/14/2019
Ruby,Clausewitz,rclausewitz4@cbc.ca,Khaki,9/2/2013
Tildie,Tolossi,ttolossi5@army.mil,Yellow,4/14/2012
Anitra,Haselup,ahaselup6@tuttocitta.it,Mauv,5/3/2001
Yale,Whittenbury,ywhittenbury7@icq.com,Pink,8/20/1997
Heath,Laurenty,hlaurenty8@reddit.com,Goldenrod,12/29/1999
Jeanine,Dawdary,jdawdary9@surveymonkey.com,Khaki,5/12/2002
Chrisy,Badsey,cbadseya@netlog.com,Crimson,1/16/2021
Ellyn,Alford,ealfordb@flavors.me,Crimson,5/9/2005
Chickie,Shadrach,cshadrachc@java.com,Turquoise,3/24/2006
Ferdinand,Hucke,fhucked@dmoz.org,Crimson,5/31/2001
Shay,Paolazzi,spaolazzie@exblog.jp,Khaki,12/6/1993
Gibb,Cluely,gcluelyf@4shared.com,Green,5/17/2010
Colin,Hacquoil,chacquoilg@meetup.com,Red,8/26/1994
Mattie,Luke,mlukeh@discovery.com,Violet,2/8/2001
Mart,Blazek,mblazeki@cisco.com,Turquoise,2/16/2009
Joanna,Getty,jgettyj@msu.edu,Crimson,2/20/1991
Kaitlin,Merrilees,kmerrileesk@1und1.de,Fuscia,10/20/2011
Rickert,Livings,rlivingsl@barnesandnoble.com,Green,6/25/2001
Valentin,Grisley,vgrisleym@usgs.gov,Puce,4/26/1996
Romola,Butchart,rbutchartn@adobe.com,Mauv,9/19/2014
Kalil,Tuxell,ktuxello@amazon.co.jp,Khaki,4/25/2017
Torrie,Lodovichi,tlodovichip@wunderground.com,Puce,9/6/2005
Hildegarde,Albury,halburyq@github.com,Maroon,12/7/2016
Rob,Cowitz,rcowitzr@cbsnews.com,Aquamarine,8/21/1998
Isidor,Noore,inoores@irs.gov,Aquamarine,6/27/2020
Carley,Kondratenko,ckondratenkot@scientificamerican.com,Indigo,1/9/1998
Aldridge,Kainz,akainzu@taobao.com,Turquoise,11/4/1996
Ruthi,Tirkin,rtirkinv@people.com.cn,Fuscia,12/13/2014
Tobie,Wyldes,twyldesw@gmpg.org,Orange,11/12/1990
Nyssa,Lebbon,nlebbonx@latimes.com,Goldenrod,8/26/2005
Pippa,Syvret,psyvrety@yellowbook.com,Aquamarine,7/19/2012
Linnell,Linforth,llinforthz@hibu.com,Red,11/15/1992
Briny,Harcourt,bharcourt10@buzzfeed.com,Crimson,10/31/1991
Mariel,Brewitt,mbrewitt11@vinaora.com,Yellow,7/20/2001
Austina,Goodale,agoodale12@forbes.com,Fuscia,12/31/2001
Sandy,Pinn,spinn13@php.net,Mauv,11/15/1993
Mersey,Tumbridge,mtumbridge14@pbs.org,Red,1/12/1999
Kai,Panons,kpanons15@xing.com,Teal,2/7/2019
Damiano,Peevor,dpeevor16@ft.com,Red,7/25/2010
Thayne,Sobieski,tsobieski17@cocolog-nifty.com,Aquamarine,9/15/2007
Bowie,Fickling,bfickling18@creativecommons.org,Fuscia,1/21/1995
Nada,Benedidick,nbenedidick19@bandcamp.com,Khaki,5/29/2017
Junie,Spurling,jspurling1a@ox.ac.uk,Maroon,6/21/2005
Sonny,Greally,sgreally1b@economist.com,Purple,11/8/2007
Gerard,Gawthrop,ggawthrop1c@cornell.edu,Red,7/23/2020
Mufinella,Cummine,mcummine1d@china.com.cn,Yellow,5/19/2000
Lula,Bailes,lbailes1e@github.com,Puce,5/26/2013
Anatollo,Stavers,astavers1f@mit.edu,Indigo,8/25/2018
Evangelia,Bounds,ebounds1g@walmart.com,Khaki,8/26/1998
Michaelina,Kirckman,mkirckman1h@nature.com,Khaki,12/7/1997
Sawyere,Jagoe,sjagoe1i@feedburner.com,Pink,1/14/2005
Cortie,Pechan,cpechan1j@usgs.gov,Indigo,11/9/2013
Lian,Heliar,lheliar1k@gizmodo.com,Teal,4/5/1996
Quintin,Wickstead,qwickstead1l@msu.edu,Violet,1/5/1995
Loren,Holwell,lholwell1m@icq.com,Aquamarine,6/5/2018
Rona,Terrey,rterrey1n@yale.edu,Orange,4/12/2017
Arel,Gerring,agerring1o@tripod.com,Maroon,9/20/2019
Virginie,Brunel,vbrunel1p@infoseek.co.jp,Violet,5/20/2018
Cayla,Munns,cmunns1q@exblog.jp,Fuscia,8/6/2004
Natividad,Taberner,ntaberner1r@ucoz.ru,Pink,10/2/2003
Vita,Marchington,vmarchington1s@aol.com,Teal,5/29/1999
Evanne,Gissing,egissing1t@dell.com,Green,1/1/2014
Aliza,Tomsen,atomsen1u@t-online.de,Green,6/26/2013
Hastie,Kincla,hkincla1v@hibu.com,Red,5/5/1991
Idalina,Bagenal,ibagenal1w@bloomberg.com,Pink,8/22/2016
Tamqrah,Valois,tvalois1x@hostgator.com,Puce,1/16/2017
Edsel,Currell,ecurrell1y@foxnews.com,Crimson,12/10/2013
Leupold,Oury,loury1z@nasa.gov,Khaki,10/8/1995
Alejandra,Calafato,acalafato20@squidoo.com,Green,11/28/1997
Alberto,Stothart,astothart21@about.com,Maroon,4/21/2018
Abbie,Imbrey,aimbrey22@trellian.com,Yellow,8/29/2010
Dougy,Hinder,dhinder23@stanford.edu,Yellow,6/24/2001
Libby,Gabbot,lgabbot24@php.net,Orange,10/23/2009
Teena,Folkard,tfolkard25@craigslist.org,Pink,9/19/2019
Griz,DeWitt,gdewitt26@ebay.com,Mauv,5/24/1992
Quintin,Fischer,qfischer27@purevolume.com,Purple,11/27/2013
Odey,Hilliam,ohilliam28@slashdot.org,Maroon,1/14/2013
Steve,Warcop,swarcop29@ebay.co.uk,Purple,2/10/2003
Norton,Coldbath,ncoldbath2a@ucla.edu,Orange,8/21/1995
Silvester,Denniston,sdenniston2b@reverbnation.com,Teal,12/12/2004
Mufinella,Ameer-Beg,mameerbeg2c@cafepress.com,Goldenrod,1/7/2002
Mattie,Abys,mabys2d@berkeley.edu,Violet,10/26/2007
Adan,Mounfield,amounfield2e@sun.com,Blue,9/11/2009
Isaak,Reveley,ireveley2f@livejournal.com,Indigo,2/4/2012
Trude,Cayet,tcayet2g@etsy.com,Crimson,6/3/1991
Warde,Fausch,wfausch2h@surveymonkey.com,Indigo,4/9/2017
Maxine,Dinsale,mdinsale2i@mozilla.org,Violet,4/4/2003
Devin,Fenelon,dfenelon2j@rambler.ru,Fuscia,8/17/2000
Mignon,Oakes,moakes2k@dell.com,Yellow,10/17/1999
Kaylil,Zini,kzini2l@arizona.edu,Teal,11/12/2007
Vanna,Gosson,vgosson2m@cloudflare.com,Indigo,9/7/2019
Lissa,Keat,lkeat2n@eventbrite.com,Khaki,7/7/2015
Marsiella,Clive,mclive2o@sciencedirect.com,Indigo,6/15/2015
Krishnah,Lamden,klamden2p@amazon.co.uk,Goldenrod,11/4/2010
Trevor,Seeviour,tseeviour2q@phoca.cz,Khaki,7/26/1991
Frasquito,Chuney,fchuney2r@live.com,Indigo,6/11/2002
Magdaia,Korpolak,mkorpolak2s@sciencedirect.com,Puce,12/3/2010
Mill,Pollitt,mpollitt2t@hugedomains.com,Green,4/7/1990
Eyde,Tale,etale2u@who.int,Mauv,2/16/1997
Eolanda,Blanchet,eblanchet2v@joomla.org,Pink,10/27/2016
Ofelia,Lownes,olownes2w@independent.co.uk,Puce,11/30/2001
Caterina,Brodhead,cbrodhead2x@about.me,Fuscia,10/30/2012
Bambi,Lethby,blethby2y@epa.gov,Blue,7/29/2016
Guss,MacGilfoyle,gmacgilfoyle2z@last.fm,Indigo,3/7/2016
Erinn,Farrant,efarrant30@noaa.gov,Aquamarine,8/26/2011
Gael,Ewington,gewington31@irs.gov,Orange,6/9/2020
Eustacia,Tesmond,etesmond32@hugedomains.com,Green,11/24/2017
Laurella,Sneezem,lsneezem33@eventbrite.com,Mauv,5/28/2019
Krystal,Gillice,kgillice34@dedecms.com,Orange,1/24/2009
Helsa,Dewing,hdewing35@dropbox.com,Puce,3/10/1995
Raddy,Crowcombe,rcrowcombe36@t.co,Maroon,3/2/1996
Chickie,Yeskin,cyeskin37@blogtalkradio.com,Maroon,12/29/1992
Diana,MacNally,dmacnally38@cpanel.net,Teal,3/29/2013
Zenia,Molineux,zmolineux39@vkontakte.ru,Red,4/19/2020
Randi,Aery,raery3a@xing.com,Turquoise,12/28/2014
Dirk,Abramov,dabramov3b@discuz.net,Khaki,6/2/1994
Talya,Bake,tbake3c@cloudflare.com,Khaki,12/24/2018
Luther,Legat,llegat3d@meetup.com,Purple,8/26/2013
Jayne,Reinhard,jreinhard3e@gravatar.com,Blue,2/1/1997
Pennie,Corden,pcorden3f@hibu.com,Red,1/12/2017
Noell,Morcomb,nmorcomb3g@arizona.edu,Yellow,4/10/2018
Reynold,Danielkiewicz,rdanielkiewicz3h@so-net.ne.jp,Violet,7/21/2017
Dara,McGerr,dmcgerr3i@nyu.edu,Goldenrod,1/15/2015
Charyl,Rowlett,crowlett3j@theguardian.com,Mauv,12/15/2004
Tim,Kitteridge,tkitteridge3k@icq.com,Red,8/20/2002
Emmeline,Giles,egiles3l@nyu.edu,Puce,4/30/1991
Blake,Saddington,bsaddington3m@linkedin.com,Purple,8/4/2018
Bobbye,Vignal,bvignal3n@bloglovin.com,Maroon,8/21/2004
Candida,Vousden,cvousden3o@blogspot.com,Pink,2/14/2012
Taffy,Smeal,tsmeal3p@yandex.ru,Green,11/22/2013
Antin,Sterley,asterley3q@earthlink.net,Purple,7/19/2019
Tillie,Seakes,tseakes3r@auda.org.au,Pink,2/5/2017
Clary,Gilliard,cgilliard3s@wordpress.com,Indigo,2/22/1992
Jamaal,Ivanuschka,jivanuschka3t@printfriendly.com,Crimson,4/29/2004
Lauraine,Youtead,lyoutead3u@newyorker.com,Turquoise,7/14/2020
Angelica,Moger,amoger3v@usa.gov,Maroon,5/9/2017
Tine,Cess,tcess3w@mlb.com,Green,8/14/2012
Weidar,Cowey,wcowey3x@cnn.com,Fuscia,4/24/2007
Nathanial,VanEeden,nvaneeden3y@ezinearticles.com,Red,4/15/1997
Barclay,Aphale,baphale3z@rakuten.co.jp,Khaki,2/17/2015
Chicky,Bront,cbront40@samsung.com,Khaki,8/5/2020
Arlie,Flippen,aflippen41@nps.gov,Khaki,2/18/2002
Edouard,Seak,eseak42@hp.com,Purple,7/13/2009
Vincent,Edkins,vedkins43@hao123.com,Indigo,4/16/2018
Bengt,Alans,balans44@smugmug.com,Yellow,12/12/2012
Odille,Pregal,opregal45@economist.com,Yellow,5/14/2000
Dorelia,Wildin,dwildin46@over-blog.com,Goldenrod,7/4/2003
Hyacinthe,Hanham,hhanham47@craigslist.org,Turquoise,11/22/2009
Brigham,Meak,bmeak48@unicef.org,Turquoise,3/31/2013
Cart,Warlaw,cwarlaw49@businesswire.com,Turquoise,11/4/2000
Vinson,Tamplin,vtamplin4a@goo.gl,Crimson,1/19/2010
Leonelle,Loyndon,lloyndon4b@cnn.com,Yellow,10/22/2013
Cornelia,Gerge,cgerge4c@zimbio.com,Green,12/10/2008
Bessie,Chastel,bchastel4d@archive.org,Goldenrod,4/15/2006
Averil,Wakenshaw,awakenshaw4e@wisc.edu,Puce,3/2/2016
Garvy,O'Crowley,gocrowley4f@forbes.com,Maroon,7/5/2017
Annadiane,Twinning,atwinning4g@theguardian.com,Purple,1/20/2007
Haven,Palfreman,hpalfreman4h@about.com,Crimson,1/2/1995
Starr,Easen,seasen4i@apple.com,Teal,6/22/1997
Tedda,Piatek,tpiatek4j@cnet.com,Violet,10/20/2000
Pail,Hymer,phymer4k@sogou.com,Red,9/18/1999
Jobyna,Whiteside,jwhiteside4l@so-net.ne.jp,Violet,10/1/2012
Charity,Catford,ccatford4m@admin.ch,Aquamarine,10/7/2015
Jdavie,O'Calleran,jocalleran4n@discuz.net,Pink,12/25/2006
Sarajane,Thursfield,sthursfield4o@linkedin.com,Yellow,9/24/2016
Evey,Starte,estarte4p@yellowpages.com,Orange,1/23/1991
Pia,Jacqueme,pjacqueme4q@blogtalkradio.com,Aquamarine,9/3/2012
Nertie,Milham,nmilham4r@cdc.gov,Khaki,6/24/1990
Nertie,Castellan,ncastellan4s@nydailynews.com,Fuscia,2/1/1994
Skippy,Trickett,strickett4t@state.gov,Turquoise,6/29/2019
Carolin,Clementucci,cclementucci4u@techcrunch.com,Maroon,5/30/1991
Sheila,Gudd,sgudd4v@dropbox.com,Yellow,3/4/1994
Vite,Bugg,vbugg4w@tripadvisor.com,Mauv,10/15/1990
Elissa,Deadman,edeadman4x@wisc.edu,Blue,6/11/2013
Reginald,Proby,rproby4y@dion.ne.jp,Mauv,11/5/1998
Judie,Sidnall,jsidnall4z@cpanel.net,Maroon,12/12/2009
Meris,Sandels,msandels50@engadget.com,Green,12/9/1999
Alexio,Nottle,anottle51@addthis.com,Orange,4/24/1998
Whitman,Western,wwestern52@comcast.net,Turquoise,9/1/1996
Lelah,Grancher,lgrancher53@google.com.au,Indigo,10/16/1993
Henrik,M'Chirrie,hmchirrie54@instagram.com,Green,3/5/2004
Philipa,Bryning,pbryning55@zimbio.com,Mauv,9/29/2010
Christy,Waine,cwaine56@comcast.net,Green,6/30/2020
Minetta,Drydale,mdrydale57@macromedia.com,Aquamarine,3/24/1992
Sonni,Stockhill,sstockhill58@digg.com,Orange,7/22/2003
Jodee,Alfonsetti,jalfonsetti59@google.es,Red,5/18/2016
Sallyanne,Starzaker,sstarzaker5a@ebay.co.uk,Purple,9/19/2007
Magdalena,Crotty,mcrotty5b@bandcamp.com,Maroon,2/3/2003
Kit,Ubank,kubank5c@hc360.com,Purple,2/4/2003
Web,Langlais,wlanglais5d@toplist.cz,Maroon,1/26/2011
Galina,Oakeby,goakeby5e@cornell.edu,Goldenrod,1/8/2000
Marwin,Caig,mcaig5f@reddit.com,Crimson,12/4/1996
Christie,Fenny,cfenny5g@census.gov,Fuscia,6/15/1997
Correna,Claiton,cclaiton5h@cnn.com,Maroon,8/3/2016
Rab,Halston,rhalston5i@house.gov,Blue,9/9/2008
Coraline,Urey,curey5j@washingtonpost.com,Fuscia,2/16/2006
Sharity,Silversmidt,ssilversmidt5k@bigcartel.com,Puce,1/7/1994
Constanta,Matysiak,cmatysiak5l@rakuten.co.jp,Aquamarine,2/20/2006
Marleen,Corbet,mcorbet5m@ftc.gov,Mauv,7/2/2014
Christoper,Barkaway,cbarkaway5n@studiopress.com,Crimson,7/8/2008
Lia,Gower,lgower5o@instagram.com,Indigo,8/1/2005
Emmanuel,Ellerey,eellerey5p@oracle.com,Turquoise,3/19/1994
Adan,Dainton,adainton5q@bloglines.com,Crimson,12/1/1991
George,Bangley,gbangley5r@gmpg.org,Teal,6/6/2014
Antonie,Challicombe,achallicombe5s@scribd.com,Aquamarine,12/15/2004
Arlen,Miebes,amiebes5t@stumbleupon.com,Orange,5/25/1996
Davidde,Seacombe,dseacombe5u@lulu.com,Teal,1/22/1996
Skyler,Grinaugh,sgrinaugh5v@slate.com,Indigo,7/3/2010
Felipa,Smardon,fsmardon5w@dot.gov,Crimson,9/28/2000
Weber,Aylesbury,waylesbury5x@youku.com,Indigo,1/12/2003
Sisile,Presdie,spresdie5y@delicious.com,Goldenrod,8/6/2018
Hazlett,Rumming,hrumming5z@dropbox.com,Crimson,8/10/2020
Rhianon,Champney,rchampney60@stanford.edu,Maroon,3/10/1991
Cecil,Saterthwait,csaterthwait61@ning.com,Pink,6/13/1994
Ashlin,Cowen,acowen62@si.edu,Blue,11/8/1999
Yalonda,Haddleton,yhaddleton63@ibm.com,Goldenrod,5/17/1993
Amalita,Endley,aendley64@hibu.com,Fuscia,5/19/2000
Cecilla,Riach,criach65@goodreads.com,Puce,1/19/2008
Wilfred,Tattersall,wtattersall66@printfriendly.com,Red,4/5/1990
Nathanil,Clilverd,nclilverd67@tmall.com,Pink,7/9/1991
Shauna,Fyfe,sfyfe68@zimbio.com,Mauv,3/31/2016
Dru,Cleynaert,dcleynaert69@illinois.edu,Turquoise,8/23/1994
Pall,Boylund,pboylund6a@geocities.com,Turquoise,4/21/2014
Harvey,Andrioli,handrioli6b@globo.com,Puce,1/21/2012
Gillie,Callacher,gcallacher6c@dell.com,Orange,4/28/2011
Maude,Hiers,mhiers6d@cnbc.com,Goldenrod,1/8/2021
Hanna,Haney`,hhaney6e@reference.com,Orange,3/22/2001
Imogen,MacAllan,imacallan6f@youtu.be,Green,2/5/2020
Pattin,Jordon,pjordon6g@nydailynews.com,Green,2/8/2021
Gris,Iwanczyk,giwanczyk6h@creativecommons.org,Mauv,11/1/1999
Carling,Szymoni,cszymoni6i@buzzfeed.com,Crimson,5/9/2014
Robbie,Burress,rburress6j@wsj.com,Maroon,1/7/1996
Frasquito,Lofthouse,flofthouse6k@barnesandnoble.com,Orange,8/12/2008
Lenci,Pollastro,lpollastro6l@paypal.com,Red,1/16/1996
Murielle,Askey,maskey6m@time.com,Teal,5/25/1997
Sandye,Fairclough,sfairclough6n@yellowpages.com,Orange,4/9/2005
Hildy,Beddall,hbeddall6o@slideshare.net,Indigo,10/8/2020
Carley,Wheal,cwheal6p@goodreads.com,Orange,1/31/2021
Micki,Brambell,mbrambell6q@merriam-webster.com,Pink,7/20/2019
Bank,Braunstein,bbraunstein6r@wiley.com,Turquoise,4/22/2020
Jessie,Thorby,jthorby6s@berkeley.edu,Purple,5/29/2011
Lilyan,Rosenau,lrosenau6t@phoca.cz,Puce,2/8/2020
Taite,Dowey,tdowey6u@yelp.com,Yellow,12/13/2002
Lorne,Fenny,lfenny6v@sina.com.cn,Pink,6/20/2010
Rana,Snuggs,rsnuggs6w@ftc.gov,Indigo,5/14/2000
Hertha,Liggons,hliggons6x@army.mil,Maroon,4/13/1998
Dalenna,O'Hern,dohern6y@xing.com,Indigo,11/11/1996
Michele,Witchard,mwitchard6z@epa.gov,Fuscia,1/3/2010
Esma,Coxall,ecoxall70@nydailynews.com,Green,5/21/2002
Patrice,Guilloux,pguilloux71@sbwire.com,Crimson,11/11/2017
Stephannie,Stollmeier,sstollmeier72@gnu.org,Pink,2/18/2010
Langsdon,Febry,lfebry73@theguardian.com,Violet,11/22/1999
Hilarius,Lammerich,hlammerich74@mail.ru,Turquoise,4/29/2004
Baryram,Folcarelli,bfolcarelli75@unesco.org,Purple,12/20/2014
Michal,Carriage,mcarriage76@geocities.com,Orange,4/20/2007
Thadeus,Younghusband,tyounghusband77@businessinsider.com,Crimson,4/11/1990
Pippa,Thirkettle,pthirkettle78@facebook.com,Red,10/1/1994
Waylin,Buard,wbuard79@simplemachines.org,Fuscia,10/18/2003
Nikoletta,Stigger,nstigger7a@biglobe.ne.jp,Pink,12/30/2018
Fairlie,Decker,fdecker7b@mediafire.com,Red,9/14/2003
Herc,Dykins,hdykins7c@seesaa.net,Violet,6/16/2019
Brana,Krysztofiak,bkrysztofiak7d@sbwire.com,Green,12/31/2007
Tammie,Fausset,tfausset7e@microsoft.com,Yellow,2/10/2021
Vincent,Kineton,vkineton7f@zdnet.com,Red,12/19/2007
Leontyne,Chattoe,lchattoe7g@e-recht24.de,Blue,1/26/2004
Linea,Chelley,lchelley7h@home.pl,Khaki,4/13/1992
Asher,Batteson,abatteson7i@behance.net,Khaki,1/20/2018
Hillary,Haughey,hhaughey7j@dailymotion.com,Red,2/26/1995
Enos,Fulle,efulle7k@ed.gov,Indigo,2/24/2013
Jeremias,Defraine,jdefraine7l@tripadvisor.com,Crimson,4/7/2004
Hetty,Richter,hrichter7m@cnn.com,Red,12/12/2017
Rubin,Rizzelli,rrizzelli7n@purevolume.com,Blue,5/22/2000
Meta,Applewhite,mapplewhite7o@springer.com,Indigo,6/19/2017
Conrado,Ashleigh,cashleigh7p@cnet.com,Green,4/17/2007
Gordan,Ambroziak,gambroziak7q@feedburner.com,Yellow,1/3/2021
Urbano,Tuff,utuff7r@wikispaces.com,Indigo,11/5/2004
Rosalind,Pinel,rpinel7s@thetimes.co.uk,Crimson,1/22/2018
Pearline,Holtham,pholtham7t@hexun.com,Purple,4/6/1997
Karin,Siflet,ksiflet7u@example.com,Turquoise,4/20/2011
Kai,Alison,kalison7v@bandcamp.com,Purple,3/7/2010
Noam,Ranby,nranby7w@guardian.co.uk,Violet,1/5/2014
Eugine,Sporle,esporle7x@mysql.com,Turquoise,2/10/2003
Keely,Axell,kaxell7y@google.cn,Red,8/27/1990
Duane,Sandifer,dsandifer7z@senate.gov,Khaki,6/22/2003
Atlante,Kinnane,akinnane80@jugem.jp,Goldenrod,1/12/2016
Godfrey,Jurries,gjurries81@homestead.com,Violet,7/8/2011
Lida,Duiged,lduiged82@toplist.cz,Maroon,10/20/2019
Elsinore,Budnk,ebudnk83@noaa.gov,Red,10/30/1996
Rakel,Twatt,rtwatt84@bandcamp.com,Yellow,10/22/2005
Roger,Loody,rloody85@bandcamp.com,Maroon,3/27/1999
Olive,Neeves,oneeves86@hc360.com,Violet,8/7/1990
Andi,Griswaite,agriswaite87@ovh.net,Teal,3/18/2011
Goddart,Graham,ggraham88@youtu.be,Blue,10/12/2016
Merrel,Yellowley,myellowley89@telegraph.co.uk,Yellow,5/26/2003
Grace,Ellams,gellams8a@mapquest.com,Goldenrod,5/2/2012
Monica,Canland,mcanland8b@networksolutions.com,Goldenrod,12/10/2018
Enrichetta,Stoven,estoven8c@is.gd,Blue,6/13/2017
Roy,Dalling,rdalling8d@statcounter.com,Blue,1/22/2017
Leonore,Curedell,lcuredell8e@fotki.com,Teal,8/11/1992
Hortensia,Livett,hlivett8f@icio.us,Puce,11/9/2005
Cicily,Goady,cgoady8g@thetimes.co.uk,Puce,6/2/2020
Hallsy,Whinney,hwhinney8h@army.mil,Aquamarine,6/28/2003
Charil,Litherborough,clitherborough8i@admin.ch,Turquoise,12/17/2019
Gypsy,Purdon,gpurdon8j@usda.gov,Green,6/25/1997
Doralynn,Lubbock,dlubbock8k@360.cn,Red,3/25/2008
Miofmela,Ellinor,mellinor8l@geocities.jp,Indigo,6/3/2011
Beatriz,Ventris,bventris8m@nasa.gov,Orange,6/16/2019
Wiley,Realff,wrealff8n@zdnet.com,Crimson,1/2/2020
Brear,Rottery,brottery8o@ustream.tv,Teal,9/10/2005
Archer,Keasy,akeasy8p@craigslist.org,Green,12/14/2012
Emmeline,Grund,egrund8q@amazonaws.com,Aquamarine,3/31/2011
Mick,Sharpous,msharpous8r@istockphoto.com,Orange,6/22/2017
Melinda,Acreman,macreman8s@sogou.com,Mauv,11/12/1993
Eziechiele,Howton,ehowton8t@t-online.de,Turquoise,8/10/2019
Bengt,Gosnell,bgosnell8u@devhub.com,Violet,2/24/2017
Dniren,Hasted,dhasted8v@paypal.com,Khaki,10/14/2002
Terrell,Pointon,tpointon8w@about.com,Red,9/4/2014
Elicia,Kippling,ekippling8x@jugem.jp,Red,11/8/1995
Berton,Bracegirdle,bbracegirdle8y@mac.com,Goldenrod,5/4/2013
Cameron,Bairnsfather,cbairnsfather8z@hugedomains.com,Teal,3/18/2004
Joela,Troop,jtroop90@e-recht24.de,Purple,9/7/1998
Bob,Leghorn,bleghorn91@weebly.com,Fuscia,6/12/2014
Meara,Caddens,mcaddens92@artisteer.com,Maroon,11/12/2013
Paulo,Darrigone,pdarrigone93@icio.us,Khaki,11/21/1994
Clarinda,Humbatch,chumbatch94@tamu.edu,Puce,6/5/1992
Min,Fransewich,mfransewich95@trellian.com,Yellow,8/17/2015
Phillie,MacAdam,pmacadam96@apple.com,Crimson,3/11/1999
Chrissy,Faudrie,cfaudrie97@cafepress.com,Goldenrod,9/28/2018
Arlee,Castri,acastri98@theatlantic.com,Yellow,7/24/2020
Alvin,Wilderspoon,awilderspoon99@clickbank.net,Yellow,7/27/1994
Ileana,Rodenburgh,irodenburgh9a@nature.com,Yellow,11/25/1995
Tannie,Ciccarelli,tciccarelli9b@youtube.com,Puce,4/1/2001
Lane,Smeal,lsmeal9c@digg.com,Maroon,5/6/2001
Syd,Crich,scrich9d@howstuffworks.com,Purple,1/5/2003
Linda,Brickwood,lbrickwood9e@fema.gov,Yellow,6/15/2013
Estel,Matczak,ematczak9f@digg.com,Purple,7/26/2003
Clement,Dybell,cdybell9g@multiply.com,Crimson,10/21/2009
Reta,Zoppo,rzoppo9h@deliciousdays.com,Orange,6/9/2010
Marlon,Scones,mscones9i@shop-pro.jp,Red,2/21/2012
Sharleen,Burchett,sburchett9j@wsj.com,Khaki,2/28/1990
Andree,Loynton,aloynton9k@cnn.com,Teal,6/15/1990
Sheffie,Applewhite,sapplewhite9l@facebook.com,Khaki,9/11/1998
Kleon,Nisby,knisby9m@virginia.edu,Puce,10/18/1992
Ase,Thireau,athireau9n@guardian.co.uk,Orange,12/3/1995
Herculie,Conor,hconor9o@surveymonkey.com,Indigo,10/6/1991
Gerrie,Larderot,glarderot9p@aboutads.info,Maroon,5/17/2016
Shir,Sodo,ssodo9q@theguardian.com,Fuscia,1/25/2002
Ferdinand,Stranieri,fstranieri9r@goo.ne.jp,Puce,6/15/2011
Emlynn,McOwan,emcowan9s@ameblo.jp,Green,2/21/2000
Jon,Pickersgill,jpickersgill9t@yahoo.co.jp,Green,4/22/1996
Sky,Yegorovnin,syegorovnin9u@dailymotion.com,Mauv,11/25/2004
Donella,Noury,dnoury9v@is.gd,Fuscia,6/1/2003
Lebbie,Parke,lparke9w@pbs.org,Purple,5/25/2010
Harwilll,Kalinsky,hkalinsky9x@ucoz.ru,Aquamarine,1/29/1997
Napoleon,Griffey,ngriffey9y@hugedomains.com,Teal,11/1/2020
Fee,Crafter,fcrafter9z@salon.com,Crimson,6/17/1995
Dore,Fierro,dfierroa0@reuters.com,Fuscia,7/16/2011
Thomasine,Patchett,tpatchetta1@goo.ne.jp,Turquoise,9/1/1997
Griselda,Insley,ginsleya2@dot.gov,Yellow,8/4/2013
Malinde,Rudgerd,mrudgerda3@wiley.com,Purple,1/12/2002
Melvyn,Morrall,mmorralla4@elpais.com,Pink,4/23/1995
Milzie,Insall,minsalla5@gov.uk,Puce,5/17/2019
Bevin,Riccelli,briccellia6@gov.uk,Purple,9/21/2016
Cristie,Stollmeyer,cstollmeyera7@wunderground.com,Mauv,11/2/2004
Rick,Zecchinii,rzecchiniia8@reverbnation.com,Indigo,11/23/2007
Barry,Beneze,bbenezea9@squidoo.com,Aquamarine,2/12/2000
Faydra,Fayers,ffayersaa@unicef.org,Purple,8/11/2013
Jan,Soanes,jsoanesab@eventbrite.com,Crimson,1/23/2000
Ailee,Hazleton,ahazletonac@state.gov,Orange,8/4/2003
Tynan,Danell,tdanellad@is.gd,Blue,4/10/1995
Neale,Gabala,ngabalaae@howstuffworks.com,Goldenrod,1/19/1994
Bent,Timlett,btimlettaf@adobe.com,Green,8/31/1994
Starr,Yellop,syellopag@artisteer.com,Indigo,1/12/2006
Randee,Levin,rlevinah@com.com,Red,1/17/2015
Kippar,Penddreth,kpenddrethai@loc.gov,Turquoise,9/16/2015
Cherrita,McQuarter,cmcquarteraj@amazon.co.uk,Fuscia,9/24/2003
Gilberta,MacAdam,gmacadamak@cam.ac.uk,Maroon,8/19/2012
Ulises,Touhig,utouhigal@360.cn,Purple,6/16/1993
Darlleen,Woodbridge,dwoodbridgeam@artisteer.com,Blue,4/21/2000
Lillian,Singleton,lsingletonan@cbslocal.com,Mauv,9/18/2011
Zach,Millgate,zmillgateao@nsw.gov.au,Mauv,1/19/2018
Skyler,Salzburg,ssalzburgap@cam.ac.uk,Mauv,4/16/2010
Ansley,Casol,acasolaq@imdb.com,Maroon,2/4/1994
York,VanBrugh,yvanbrughar@kickstarter.com,Fuscia,8/11/2004
Lock,Janusik,ljanusikas@plala.or.jp,Goldenrod,4/11/2017
Carina,Karel,ckarelat@bandcamp.com,Blue,8/20/1992
Flemming,Middlewick,fmiddlewickau@devhub.com,Orange,9/11/2002
Klara,Wellesley,kwellesleyav@ibm.com,Aquamarine,8/24/2018
Ophelia,Tilio,otilioaw@springer.com,Fuscia,6/30/1993
Kenna,Foye,kfoyeax@weather.com,Yellow,10/25/1993
Jordain,McCarver,jmccarveray@spiegel.de,Purple,11/22/1995
Fredrika,Sargerson,fsargersonaz@joomla.org,Blue,4/30/2009
Tim,Pickhaver,tpickhaverb0@psu.edu,Aquamarine,1/2/2002
Kimmi,Boyet,kboyetb1@blinklist.com,Teal,12/28/2016
Hadrian,Perigeaux,hperigeauxb2@wikimedia.org,Purple,12/26/2002
Onfroi,Southern,osouthernb3@imgur.com,Yellow,9/5/2004
Katherine,Forsaith,kforsaithb4@microsoft.com,Aquamarine,7/14/2020
Alwyn,Mycock,amycockb5@un.org,Puce,6/11/2006
Northrop,Burril,nburrilb6@unicef.org,Crimson,2/27/2007
Gar,Hughesdon,ghughesdonb7@amazon.de,Mauv,12/15/2002
Deny,LaTorre,dlatorreb8@csmonitor.com,Goldenrod,2/7/2003
Hank,Minto,hmintob9@discuz.net,Yellow,11/9/2000
Darrelle,Leivers,dleiversba@psu.edu,Goldenrod,1/16/2007
Bailey,Gregersen,bgregersenbb@wufoo.com,Mauv,9/1/1991
Gwendolin,Ashurst,gashurstbc@uiuc.edu,Orange,8/28/1994
Reggie,Binfield,rbinfieldbd@vk.com,Puce,9/25/2017
Clare,Ferrey,cferreybe@prnewswire.com,Green,7/28/2010
Michaela,Marcroft,mmarcroftbf@fema.gov,Fuscia,9/24/1997
Deb,Huertas,dhuertasbg@disqus.com,Fuscia,7/18/2009
Jane,Jude,jjudebh@apache.org,Yellow,8/6/1991
Davidson,Dumbare,ddumbarebi@cnbc.com,Orange,8/3/2010
Myrah,Arsnell,marsnellbj@biblegateway.com,Puce,8/8/1998
Enid,Lenormand,elenormandbk@sun.com,Puce,7/24/1991
Eachelle,Kalvin,ekalvinbl@nydailynews.com,Blue,10/31/2010
Zak,Egglestone,zegglestonebm@squidoo.com,Blue,12/19/1996
Lodovico,Furmage,lfurmagebn@sfgate.com,Green,6/6/2017
Sven,Jenkerson,sjenkersonbo@boston.com,Goldenrod,5/17/2013
Lainey,Adin,ladinbp@tinypic.com,Green,12/9/2011
Alf,Millberg,amillbergbq@oracle.com,Violet,10/20/1990
Livy,Burdoun,lburdounbr@loc.gov,Teal,8/7/1997
Jeddy,Belchem,jbelchembs@prlog.org,Purple,6/12/2006
Elwira,Titcombe,etitcombebt@go.com,Blue,4/29/2002
Dulcinea,Buttfield,dbuttfieldbu@phoca.cz,Yellow,12/7/1992
Darrel,Bilt,dbiltbv@mashable.com,Goldenrod,10/7/2013
Thaxter,Bartrum,tbartrumbw@disqus.com,Teal,11/4/2001
Stillmann,Eberts,sebertsbx@ftc.gov,Red,4/8/1995
Lambert,Ethelstone,lethelstoneby@scientificamerican.com,Violet,2/16/2005
Milo,MacWhirter,mmacwhirterbz@dagondesign.com,Puce,7/8/2019
Urbanus,Glaves,uglavesc0@hhs.gov,Aquamarine,3/30/1999
Amalea,O'Bradane,aobradanec1@biglobe.ne.jp,Aquamarine,3/27/1992
Annabal,Bleyman,ableymanc2@histats.com,Red,4/6/2016
Kyrstin,Darbyshire,kdarbyshirec3@yahoo.co.jp,Red,6/7/1993
Anthiathia,Divell,adivellc4@soup.io,Indigo,1/24/2006
Koren,Ferrari,kferraric5@youtube.com,Pink,3/2/2016
Berkeley,Brailey,bbraileyc6@sitemeter.com,Green,7/25/1998
Byrom,Havelin,bhavelinc7@hao123.com,Pink,3/29/2009
Menard,Baldetti,mbaldettic8@is.gd,Khaki,4/27/2004
Joy,Wetheril,jwetherilc9@angelfire.com,Fuscia,12/24/2012
Cassandre,Dennis,cdennisca@alibaba.com,Goldenrod,11/29/2013
Kiley,Hurworth,khurworthcb@xrea.com,Green,7/27/1992
Sigismund,Ensor,sensorcc@ycombinator.com,Aquamarine,8/2/2019
Ardisj,Royce,aroycecd@huffingtonpost.com,Red,2/23/2001
Hadrian,Routley,hroutleyce@fastcompany.com,Fuscia,7/19/2007
Floyd,Rapley,frapleycf@etsy.com,Indigo,3/30/2004
Gare,Iceton,gicetoncg@digg.com,Green,11/17/2009
Kelsy,Fine,kfinech@ning.com,Maroon,12/25/1993
Patti,Mobbs,pmobbsci@seesaa.net,Khaki,10/1/2014
Anya,Strass,astrasscj@youtu.be,Khaki,5/16/1991
Felicdad,Noone,fnooneck@facebook.com,Aquamarine,12/22/2017
Tyne,Libbe,tlibbecl@barnesandnoble.com,Indigo,3/8/1997
Quincey,Curd,qcurdcm@rambler.ru,Puce,3/21/1990
Carmelita,Pevreal,cpevrealcn@is.gd,Maroon,1/5/1991
Marshall,Dunckley,mdunckleyco@huffingtonpost.com,Aquamarine,9/6/2006
Alina,Wavell,awavellcp@boston.com,Red,7/5/1993
Bevin,Wylam,bwylamcq@google.cn,Pink,12/16/2008
Boote,Baudrey,bbaudreycr@lycos.com,Aquamarine,11/7/1992
Prissie,Ashfold,pashfoldcs@sciencedaily.com,Puce,2/26/2019
Nero,Look,nlookct@skyrock.com,Maroon,7/26/2003
Rea,Emmanueli,remmanuelicu@home.pl,Aquamarine,4/2/2001
Haskel,Dymidowski,hdymidowskicv@mediafire.com,Pink,3/30/2006
Ruggiero,Brimmell,rbrimmellcw@pinterest.com,Maroon,10/24/1991
Abbott,Cathrae,acathraecx@skyrock.com,Blue,3/30/2000
Ellis,Siviter,esivitercy@fastcompany.com,Khaki,9/8/2004
Elfrida,Bolletti,ebolletticz@dailymail.co.uk,Crimson,7/16/1992
Freddy,Andreotti,fandreottid0@ucoz.ru,Indigo,11/23/2009
Beth,Maypother,bmaypotherd1@prnewswire.com,Purple,3/16/2013
Betsy,Crack,bcrackd2@nih.gov,Turquoise,12/9/1990
Aurelia,Tonkin,atonkind3@state.gov,Violet,4/10/1993
Eva,Henniger,ehennigerd4@google.fr,Purple,10/28/2018
Lanny,Pallister,lpallisterd5@linkedin.com,Fuscia,5/10/2002
Justina,Grayne,jgrayned6@aol.com,Goldenrod,5/18/2019
Lorelei,Sallery,lsalleryd7@nsw.gov.au,Crimson,7/14/2002
Dawna,MacColl,dmaccolld8@mayoclinic.com,Mauv,10/24/2010
Kurtis,Quantrill,kquantrilld9@europa.eu,Khaki,1/6/2020
Darline,Beaman,dbeamanda@hugedomains.com,Goldenrod,5/12/2006
Chet,Kelcher,ckelcherdb@uiuc.edu,Blue,11/16/2014
Biddie,Glasebrook,bglasebrookdc@mit.edu,Goldenrod,1/7/2017
Tresa,Silcox,tsilcoxdd@wix.com,Mauv,10/9/1993
Pedro,Laird,plairdde@ihg.com,Purple,11/29/1999
Hugo,Lapwood,hlapwooddf@blog.com,Fuscia,11/9/2016
Massimiliano,Neame,mneamedg@elpais.com,Goldenrod,7/9/2007
Mickie,Vassie,mvassiedh@scientificamerican.com,Puce,2/18/2021
Aguie,Gallally,agallallydi@biblegateway.com,Crimson,8/15/2001
Sansone,Hartropp,shartroppdj@sitemeter.com,Maroon,11/12/2020
Haroun,Dauney,hdauneydk@tripadvisor.com,Mauv,11/20/1992
Terri,Bondley,tbondleydl@addtoany.com,Puce,3/14/2016
Kata,Lorant,klorantdm@google.nl,Yellow,12/24/1994
Bondie,Sommerlin,bsommerlindn@guardian.co.uk,Aquamarine,11/20/1999
Valle,Jeanet,vjeanetdo@g.co,Yellow,6/28/2000
Terrill,Davall,tdavalldp@amazon.com,Violet,2/28/2004
Ranna,Matts,rmattsdq@slashdot.org,Aquamarine,3/24/1993
Bailie,Stanett,bstanettdr@washingtonpost.com,Violet,2/8/2007
Gavin,Oldford,goldfordds@sohu.com,Green,1/13/1991
Carlin,Warry,cwarrydt@liveinternet.ru,Purple,4/2/2006
Clerkclaude,Belamy,cbelamydu@google.nl,Aquamarine,8/7/2013
Jareb,LePage,jlepagedv@cloudflare.com,Orange,12/14/2000
Julian,Lowten,jlowtendw@infoseek.co.jp,Teal,6/11/1992
Meir,Faithorn,mfaithorndx@angelfire.com,Orange,9/30/1993
Clerc,Tolefree,ctolefreedy@over-blog.com,Turquoise,1/4/2018
Marie,Kirstein,mkirsteindz@princeton.edu,Teal,2/22/1999
Bartholemy,Danilewicz,bdanilewicze0@example.com,Goldenrod,4/10/2007
Neddy,Gatehouse,ngatehousee1@who.int,Aquamarine,5/28/2002
Beauregard,Delos,bdelose2@oakley.com,Red,2/15/2016
Laurette,Crellim,lcrellime3@sun.com,Blue,7/11/2003
Griffith,Grimmer,ggrimmere4@hc360.com,Fuscia,4/24/2020
Hannie,Schruyers,hschruyerse5@prlog.org,Aquamarine,3/4/2015
Hollyanne,Tumasian,htumasiane6@ed.gov,Mauv,11/29/2009
Bevvy,Miliffe,bmiliffee7@de.vu,Goldenrod,7/4/2018
Enrika,Midden,emiddene8@cbsnews.com,Green,8/10/2017
Alla,Meins,ameinse9@rakuten.co.jp,Aquamarine,3/10/1997
Fleur,Wasson,fwassonea@bbc.co.uk,Yellow,7/7/1998
Tamra,Mandre,tmandreeb@parallels.com,Goldenrod,7/16/1990
Erroll,Esland,eeslandec@miitbeian.gov.cn,Purple,8/22/1991
Guss,Gotling,ggotlinged@ca.gov,Pink,12/29/2010
Francesca,Kitching,fkitchingee@digg.com,Puce,12/28/2004
Donni,Medmore,dmedmoreef@shareasale.com,Fuscia,4/27/2003
Harlie,Skin,hskineg@marketwatch.com,Violet,6/27/2001
Phelia,Synder,psyndereh@usgs.gov,Red,8/13/2014
Ingrim,Mournian,imournianei@telegraph.co.uk,Yellow,8/23/1999
Samuele,McKeowon,smckeowonej@google.ca,Yellow,4/17/2002
Darby,Dundon,ddundonek@sohu.com,Fuscia,10/31/2004
Glenden,Portchmouth,gportchmouthel@huffingtonpost.com,Red,2/7/1997
Duffie,Francklyn,dfrancklynem@apache.org,Indigo,10/30/2013
Aundrea,Lafont,alafonten@howstuffworks.com,Puce,7/29/2017
Colette,Thying,cthyingeo@amazon.co.uk,Turquoise,7/23/2001
Mathew,Stockdale,mstockdaleep@4shared.com,Purple,1/7/1996
Bard,Keave,bkeaveeq@weather.com,Khaki,4/30/2009
Kip,Keirl,kkeirler@naver.com,Pink,8/20/1999
Enrichetta,Camm,ecammes@oaic.gov.au,Pink,7/17/2014
Nilson,Naper,nnaperet@marriott.com,Crimson,8/11/2006
Tabbatha,Doohan,tdoohaneu@quantcast.com,Goldenrod,11/29/2007
Camellia,Rylstone,crylstoneev@arizona.edu,Fuscia,1/25/2010
Gwendolin,Van'tHoff,gvanthoffew@buzzfeed.com,Orange,5/10/2008
Bell,Sarsons,bsarsonsex@answers.com,Purple,3/11/1997
Matthus,Ferguson,mfergusoney@typepad.com,Turquoise,8/25/1993
Annmarie,Gwillym,agwillymez@addthis.com,Violet,12/7/2017
Giordano,Levitt,glevittf0@ucoz.com,Violet,4/9/2005
Hyman,Hedley,hhedleyf1@walmart.com,Maroon,9/20/2004
Tatum,Fryer,tfryerf2@nps.gov,Maroon,12/1/2002
Leland,Windaybank,lwindaybankf3@unicef.org,Puce,8/4/2015
Jeremie,Cowoppe,jcowoppef4@archive.org,Aquamarine,4/13/1997
Brian,Braime,bbraimef5@networksolutions.com,Goldenrod,6/6/2004
Agosto,Morriarty,amorriartyf6@cocolog-nifty.com,Aquamarine,2/18/2015
Petronille,Kinningley,pkinningleyf7@smh.com.au,Violet,4/7/2001
Chiarra,Marqyes,cmarqyesf8@yolasite.com,Aquamarine,10/23/2008
Early,Breach,ebreachf9@google.nl,Blue,9/13/2011
Rica,Danielczyk,rdanielczykfa@biglobe.ne.jp,Khaki,4/29/2019
Elsey,Briton,ebritonfb@kickstarter.com,Goldenrod,5/29/2004
Bearnard,Chritchlow,bchritchlowfc@yellowbook.com,Yellow,9/22/2017
Jodi,McKinlay,jmckinlayfd@time.com,Aquamarine,9/12/2018
Gwennie,Metson,gmetsonfe@aol.com,Green,1/17/2002
Tootsie,Horsfield,thorsfieldff@amazon.de,Aquamarine,7/3/2012
Emmalynn,Gulland,egullandfg@booking.com,Maroon,10/24/2016
Min,Turbefield,mturbefieldfh@indiegogo.com,Teal,1/14/1994
Marcia,Hearthfield,mhearthfieldfi@spotify.com,Green,3/10/2001
Bryn,Rudwell,brudwellfj@bbc.co.uk,Red,5/18/2002
Doug,McQuirter,dmcquirterfk@nature.com,Pink,6/17/1992
Leoline,Levensky,llevenskyfl@example.com,Violet,1/29/2003
Margot,O'Farris,mofarrisfm@kickstarter.com,Purple,8/3/2012
Libbey,Pepys,lpepysfn@cnbc.com,Khaki,2/11/1992
Trumaine,Harnetty,tharnettyfo@washingtonpost.com,Turquoise,1/29/2005
Mavis,Munkton,mmunktonfp@scribd.com,Yellow,6/17/1999
Devinne,McCollum,dmccollumfq@nih.gov,Indigo,2/17/2011
Aliza,Sword,aswordfr@salon.com,Fuscia,3/31/2010
Celka,Heindl,cheindlfs@ca.gov,Red,4/4/2002
Cassaundra,Sugden,csugdenft@sakura.ne.jp,Goldenrod,11/27/2011
Gard,Dace,gdacefu@t-online.de,Indigo,11/11/1996
Chrisy,Middas,cmiddasfv@ifeng.com,Purple,11/3/2000
Myrna,Luxen,mluxenfw@cornell.edu,Blue,11/15/2013
Demott,Spellacey,dspellaceyfx@freewebs.com,Orange,4/29/2011
Sephira,Burdon,sburdonfy@com.com,Orange,7/7/2002
Bessy,Brasse,bbrassefz@google.ru,Red,1/7/2020
Annabella,Bruntjen,abruntjeng0@homestead.com,Teal,9/1/1990
Megan,Young,myoungg1@nymag.com,Crimson,6/7/2008
Arluene,Bernaciak,abernaciakg2@weebly.com,Orange,12/8/1992
Lissa,Palfreman,lpalfremang3@walmart.com,Red,7/23/2005
Frans,Barthod,fbarthodg4@china.com.cn,Pink,11/7/2012
Armin,Randle,arandleg5@gmpg.org,Indigo,4/5/1995
Gilligan,Shovelton,gshoveltong6@jimdo.com,Indigo,6/12/2001
Virgie,Keyse,vkeyseg7@reference.com,Khaki,11/4/2010
Jaymee,Prando,jprandog8@java.com,Yellow,5/28/2015
Doralyn,Alcalde,dalcaldeg9@house.gov,Khaki,1/25/2021
Thomas,Chalcraft,tchalcraftga@microsoft.com,Maroon,10/7/1999
Beth,Peacham,bpeachamgb@webeden.co.uk,Teal,12/5/2007
Brenn,Dosdale,bdosdalegc@istockphoto.com,Pink,4/2/2004
Olvan,Featherstonehaugh,ofeatherstonehaughgd@virginia.edu,Goldenrod,8/10/2011
Vincenz,Laytham,vlaythamge@youku.com,Crimson,11/23/2004
Lari,Whieldon,lwhieldongf@samsung.com,Blue,8/15/2008
Atalanta,Sheards,asheardsgg@sina.com.cn,Orange,5/22/1998
Sumner,Borland,sborlandgh@xing.com,Fuscia,4/17/2016
Carmen,Bradneck,cbradneckgi@multiply.com,Khaki,11/14/1999
Ephrayim,Martill,emartillgj@blogger.com,Aquamarine,4/9/2002
Lazarus,Bawden,lbawdengk@ask.com,Teal,12/20/1996
Keven,Longbone,klongbonegl@slideshare.net,Puce,9/2/2013
Pauly,Leavry,pleavrygm@newsvine.com,Pink,6/5/1991
Johnnie,Littefair,jlittefairgn@hhs.gov,Fuscia,11/12/1992
Galen,Langthorne,glangthornego@netlog.com,Crimson,7/6/2001
Fulton,Geddis,fgeddisgp@mail.ru,Violet,3/2/1994
Cyrus,Tilney,ctilneygq@zdnet.com,Red,2/18/2009
Rennie,Lembcke,rlembckegr@yolasite.com,Red,5/27/2006
Hillery,Layland,hlaylandgs@cafepress.com,Turquoise,8/10/1998
Alwyn,Caine,acainegt@amazon.com,Red,12/12/2019
Bastien,Capnerhurst,bcapnerhurstgu@disqus.com,Teal,1/26/2000
Jaimie,Jillett,jjillettgv@alexa.com,Turquoise,12/18/1999
Pietro,Davitti,pdavittigw@wp.com,Orange,10/15/1991
Willy,Lauderdale,wlauderdalegx@rambler.ru,Aquamarine,11/4/1993
Ezri,Fisk,efiskgy@wikimedia.org,Aquamarine,6/5/1999
Silva,Montier,smontiergz@dell.com,Teal,6/14/1994
Ave,Beveredge,abeveredgeh0@last.fm,Aquamarine,6/9/1990
Nero,Feasey,nfeaseyh1@mtv.com,Blue,8/5/2014
Tresa,Brundrett,tbrundretth2@nasa.gov,Purple,7/14/1991
Manda,Lomax,mlomaxh3@g.co,Green,7/25/2011
Quincey,Runcieman,qrunciemanh4@goo.gl,Indigo,4/27/2010
Rozina,Knappen,rknappenh5@cbc.ca,Green,11/2/2004
Sebastien,Rhead,srheadh6@plala.or.jp,Orange,2/1/1997
Costa,Edgler,cedglerh7@imgur.com,Puce,8/13/2014
Marsiella,Siuda,msiudah8@artisteer.com,Goldenrod,9/20/2003
Terrie,Alexandrescu,talexandrescuh9@wsj.com,Puce,11/19/1991
Gilbertine,Schubart,gschubartha@bizjournals.com,Orange,9/17/1992
Winnifred,Cleobury,wcleoburyhb@cbsnews.com,Yellow,12/25/2002
Norby,Etchingham,netchinghamhc@wired.com,Yellow,4/10/1994
Michail,Franseco,mfransecohd@apache.org,Violet,12/1/1990
Marina,Woolfoot,mwoolfoothe@netvibes.com,Turquoise,8/25/2000
Ninette,Yirrell,nyirrellhf@is.gd,Fuscia,10/23/1993
Shauna,Pickworth,spickworthhg@washington.edu,Blue,4/23/1993
Gabbi,Presidey,gpresideyhh@businessweek.com,Red,10/20/2004
Andros,Twentyman,atwentymanhi@dion.ne.jp,Orange,8/17/2000
Benjie,Sword,bswordhj@discuz.net,Indigo,8/21/2017
Blanche,Pincked,bpinckedhk@biglobe.ne.jp,Goldenrod,2/15/2002
Philipa,Jacmar,pjacmarhl@flavors.me,Teal,7/18/2019
Elane,Blundell,eblundellhm@mail.ru,Orange,6/18/2011
Lida,Evesque,levesquehn@irs.gov,Turquoise,11/29/1999
Drusilla,Ivannikov,divannikovho@domainmarket.com,Aquamarine,7/24/1999
Emelia,Curner,ecurnerhp@hc360.com,Puce,6/18/2011
Patrizius,Philipot,pphilipothq@state.tx.us,Blue,8/12/2003
Sutherland,Farmloe,sfarmloehr@people.com.cn,Goldenrod,1/18/1992
Courtnay,Bradnum,cbradnumhs@dedecms.com,Maroon,10/6/2008
Melany,Jaray,mjarayht@a8.net,Orange,5/18/1990
Julianna,Faires,jfaireshu@ebay.co.uk,Purple,2/20/2020
Boniface,Cubbit,bcubbithv@addtoany.com,Aquamarine,11/30/2016
Eba,Hilary,ehilaryhw@slideshare.net,Pink,4/9/2013
Lyssa,Braidley,lbraidleyhx@jimdo.com,Violet,7/26/1991
Philbert,Henriquet,phenriquethy@wp.com,Mauv,1/26/2004
Julianna,Baggiani,jbaggianihz@miibeian.gov.cn,Purple,1/21/2019
Ulrich,Pybus,upybusi0@icq.com,Aquamarine,9/12/2017
Vasily,Udy,vudyi1@japanpost.jp,Fuscia,12/29/2005
Georgetta,Morrott,gmorrotti2@irs.gov,Mauv,4/27/1998
Lynnelle,Waud,lwaudi3@theguardian.com,Crimson,7/26/2004
Lazaro,Filppetti,lfilppettii4@google.fr,Green,12/15/2017
Sinclare,Olcot,solcoti5@wired.com,Green,9/2/2003
Tracey,Salerno,tsalernoi6@sciencedaily.com,Blue,3/23/1998
Richardo,Giamelli,rgiamellii7@vimeo.com,Mauv,2/11/2019
Goldarina,Zavittieri,gzavittierii8@lycos.com,Turquoise,11/15/2015
Remus,Grenshiels,rgrenshielsi9@scribd.com,Crimson,6/3/2019
Lauritz,McBrady,lmcbradyia@dell.com,Fuscia,6/5/2019
Rebekah,MacCaughan,rmaccaughanib@geocities.jp,Blue,11/8/2001
Guthrey,Frayling,gfraylingic@webnode.com,Maroon,4/14/1998
Gawen,Kassidy,gkassidyid@prnewswire.com,Red,7/12/1999
Monah,Matuszinski,mmatuszinskiie@amazon.co.jp,Violet,12/17/2002
Aristotle,Croad,acroadif@issuu.com,Mauv,9/5/1998
Sarah,Padley,spadleyig@nationalgeographic.com,Red,11/8/2016
Xavier,Woolvin,xwoolvinih@vk.com,Puce,12/15/1991
Marje,Plumridge,mplumridgeii@cnet.com,Turquoise,3/15/1992
Sascha,Bellanger,sbellangerij@huffingtonpost.com,Turquoise,9/24/2014
Torrence,Warstall,twarstallik@php.net,Violet,2/21/2012
Budd,Juggings,bjuggingsil@statcounter.com,Blue,9/12/2015
Robinetta,Stearndale,rstearndaleim@topsy.com,Purple,9/22/1999
Giacobo,Mattin,gmattinin@cornell.edu,Teal,1/20/1997
Nathanial,Spinige,nspinigeio@un.org,Blue,6/9/2014
Lanette,Lorden,llordenip@feedburner.com,Indigo,9/5/1991
Tana,Marflitt,tmarflittiq@patch.com,Mauv,11/7/2006
Lorry,Wearden,lweardenir@nih.gov,Purple,3/5/1997
Veronike,Thurner,vthurneris@dropbox.com,Crimson,1/20/1992
Prinz,Douberday,pdouberdayit@pinterest.com,Fuscia,4/10/2003
Kelley,Farrall,kfarralliu@statcounter.com,Red,4/2/1992
Darell,McGuffog,dmcguffogiv@ihg.com,Puce,7/17/2000
Andrea,Rosie,arosieiw@github.io,Indigo,2/19/2003
Casi,Medway,cmedwayix@umn.edu,Purple,10/22/2011
Gracie,Bengtsson,gbengtssoniy@marketwatch.com,Pink,12/17/1994
Rozamond,Edmonson,redmonsoniz@is.gd,Aquamarine,7/17/2004
Thea,Reisk,treiskj0@addtoany.com,Indigo,10/23/2004
Ennis,Fassan,efassanj1@huffingtonpost.com,Violet,8/11/1996
Andee,Freddi,afreddij2@soup.io,Indigo,6/19/1998
Jacques,Stains,jstainsj3@smugmug.com,Turquoise,1/3/2018
Maure,Paynter,mpaynterj4@amazon.de,Goldenrod,9/12/1994
Chloris,Reis,creisj5@time.com,Blue,7/12/2017
Tristan,Konke,tkonkej6@loc.gov,Red,8/16/1998
Kurt,Owenson,kowensonj7@auda.org.au,Goldenrod,2/4/2019
Alic,Poutress,apoutressj8@dedecms.com,Mauv,4/11/1999
Inge,Kennewell,ikennewellj9@ameblo.jp,Goldenrod,8/10/1992
Whitney,Foro,wforoja@about.com,Green,3/14/2016
Karrie,Drance,kdrancejb@disqus.com,Red,4/4/1992
Adelheid,Hedgeley,ahedgeleyjc@mlb.com,Goldenrod,9/28/2004
Corine,Cave,ccavejd@storify.com,Pink,6/30/2014
Hew,Millmoe,hmillmoeje@surveymonkey.com,Aquamarine,12/27/2016
Celle,Wyard,cwyardjf@bizjournals.com,Green,5/9/2011
Francene,Monshall,fmonshalljg@last.fm,Purple,9/19/2020
Tabbie,Drennan,tdrennanjh@issuu.com,Red,3/16/2008
Tandy,Vasnev,tvasnevji@guardian.co.uk,Teal,6/9/1998
Chris,Siberry,csiberryjj@thetimes.co.uk,Goldenrod,7/22/2009
Reginald,DeBeauchemp,rdebeauchempjk@weibo.com,Fuscia,1/20/2003
Abbie,Giovanitti,agiovanittijl@usatoday.com,Turquoise,11/5/1997
Shayla,Byk,sbykjm@unc.edu,Pink,11/17/1994
Horatio,Rounding,hroundingjn@nytimes.com,Goldenrod,7/4/2008
Cicely,Pountney,cpountneyjo@4shared.com,Violet,3/11/2000
Ilsa,Trickett,itrickettjp@buzzfeed.com,Mauv,1/22/2011
Kristopher,Axston,kaxstonjq@tuttocitta.it,Aquamarine,2/8/2006
Cristabel,Dafforne,cdaffornejr@reddit.com,Blue,1/10/2002
Lorianne,Spurden,lspurdenjs@reuters.com,Aquamarine,12/23/1997
Melanie,Bradbury,mbradburyjt@angelfire.com,Mauv,7/4/1993
Sara-ann,Hinkley,shinkleyju@spiegel.de,Blue,12/14/2018
Dode,Dyball,ddyballjv@paginegialle.it,Green,11/19/1996
Alexander,Leuren,aleurenjw@reverbnation.com,Indigo,2/2/2006
Dougy,Errey,derreyjx@facebook.com,Yellow,11/3/2005
Emlyn,Hawgood,ehawgoodjy@timesonline.co.uk,Fuscia,9/30/2005
Netta,Manueli,nmanuelijz@usnews.com,Indigo,9/14/2002
Bing,Lonsdale,blonsdalek0@blogtalkradio.com,Puce,2/22/2018
Joleen,Petruskevich,jpetruskevichk1@nytimes.com,Khaki,2/25/1992
Alvan,Owttrim,aowttrimk2@prnewswire.com,Khaki,2/27/2004
Gael,Grastye,ggrastyek3@state.gov,Orange,12/23/2000
Ortensia,Kirwood,okirwoodk4@sogou.com,Pink,10/19/1991
Devon,Cahey,dcaheyk5@geocities.com,Mauv,10/25/2002
Aaron,Verrier,averrierk6@tripod.com,Goldenrod,11/4/1992
Wynnie,Newson,wnewsonk7@reference.com,Violet,7/28/1991
Ailsun,Yellowlea,ayellowleak8@sciencedaily.com,Indigo,1/10/2016
Shermy,Buey,sbueyk9@reddit.com,Blue,12/31/2014
Melisent,Kluss,mklusska@meetup.com,Blue,8/10/2014
Andres,Werlock,awerlockkb@springer.com,Indigo,11/11/2013
Bartholemy,Cumpton,bcumptonkc@un.org,Teal,12/23/2016
Patrica,Netti,pnettikd@bravesites.com,Orange,4/26/2002
Ninnetta,Crommett,ncrommettke@php.net,Khaki,10/14/2007
Eolanda,Garrattley,egarrattleykf@timesonline.co.uk,Khaki,7/3/2002
Lexine,Kemet,lkemetkg@last.fm,Pink,11/6/1991
Kenn,Baston,kbastonkh@about.me,Violet,12/19/1995
Jewell,Leisk,jleiskki@scribd.com,Red,1/15/2016
Kamilah,Healings,khealingskj@cisco.com,Maroon,3/9/1999
Brose,Cancellario,bcancellariokk@pcworld.com,Fuscia,10/3/1996
Garland,Scarre,gscarrekl@un.org,Purple,3/10/2009
Edna,Burstowe,eburstowekm@shareasale.com,Pink,8/28/1997
Evered,Nehls,enehlskn@about.me,Mauv,8/27/2005
Meris,Lasty,mlastyko@sourceforge.net,Orange,1/30/1996
Allissa,Bett,abettkp@woothemes.com,Teal,12/13/2013
Waylan,Capun,wcapunkq@over-blog.com,Fuscia,2/22/2011
Quinn,Drysdale,qdrysdalekr@g.co,Red,11/21/2015
Mariellen,Eastmead,meastmeadks@dell.com,Aquamarine,9/2/2019
Isidora,Spybey,ispybeykt@digg.com,Green,11/7/1999
Rebecka,Nassie,rnassieku@bbc.co.uk,Aquamarine,1/21/2019
Cassy,Belsey,cbelseykv@omniture.com,Red,7/31/1991
Aube,Quilty,aquiltykw@naver.com,Blue,4/6/2004
Virgie,Koch,vkochkx@utexas.edu,Teal,6/15/2008
Adena,Thieme,athiemeky@fema.gov,Aquamarine,1/31/2015
April,Bison,abisonkz@meetup.com,Goldenrod,3/19/1994
Jilleen,Kubyszek,jkubyszekl0@smugmug.com,Pink,11/10/1993
Rogerio,McClinton,rmcclintonl1@ovh.net,Maroon,4/20/2017
Dore,Boog,dboogl2@acquirethisname.com,Yellow,5/7/2001
Merwyn,Beckford,mbeckfordl3@yolasite.com,Goldenrod,1/14/1992
Catharina,Bollon,cbollonl4@cpanel.net,Maroon,11/10/2013
Simone,Venturoli,sventurolil5@parallels.com,Indigo,2/1/2013
Pebrook,Wickersham,pwickershaml6@bizjournals.com,Fuscia,8/24/2020
Carlye,Chittenden,cchittendenl7@ucoz.com,Puce,9/14/1995
Idette,Egar,iegarl8@usnews.com,Crimson,3/3/2006
Bonny,Postins,bpostinsl9@opera.com,Turquoise,6/19/2001
Spence,Widdicombe,swiddicombela@cnn.com,Purple,11/18/2008
Nollie,Fruen,nfruenlb@homestead.com,Turquoise,11/3/2009
Brander,Haslum,bhaslumlc@cloudflare.com,Mauv,7/16/2018
Tobi,Tallyn,ttallynld@topsy.com,Blue,5/6/2008
Daniel,Tollet,dtolletle@exblog.jp,Turquoise,2/20/2014
Teodoor,Dorin,tdorinlf@japanpost.jp,Crimson,11/14/2020
Roseanna,Peter,rpeterlg@irs.gov,Goldenrod,11/16/2006
Massimiliano,Brafield,mbrafieldlh@usnews.com,Puce,12/7/2020
Sophie,Jaques,sjaquesli@taobao.com,Green,7/3/2013
Angelina,Dicky,adickylj@nasa.gov,Goldenrod,9/22/1999
Martie,Chestnut,mchestnutlk@wunderground.com,Puce,11/28/2001
May,Sarfati,msarfatill@gnu.org,Teal,3/10/1991
Gus,Roback,grobacklm@parallels.com,Mauv,7/28/2018
Shandy,Baggarley,sbaggarleyln@github.io,Goldenrod,6/11/2009
Charmine,Buxton,cbuxtonlo@microsoft.com,Orange,11/10/1996
Andria,Scannell,ascannelllp@behance.net,Red,4/23/2002
Sergeant,Caudelier,scaudelierlq@tiny.cc,Goldenrod,9/29/2007
Turner,Mort,tmortlr@rediff.com,Teal,11/26/1999
Andonis,Plaister,aplaisterls@nydailynews.com,Blue,11/13/2003
Rheba,Alliker,rallikerlt@newyorker.com,Red,11/21/2014
Howie,Beamiss,hbeamisslu@china.com.cn,Green,1/30/1999
Daren,Barnham,dbarnhamlv@mozilla.org,Goldenrod,11/20/1992
Hewie,Memmory,hmemmorylw@furl.net,Goldenrod,6/25/1994
Sholom,Zorzin,szorzinlx@unesco.org,Turquoise,4/1/2017
Celene,Giacomi,cgiacomily@hexun.com,Orange,4/23/1994
Olympe,Marty,omartylz@issuu.com,Teal,9/27/1998
Marcos,Ilett,milettm0@hatena.ne.jp,Orange,1/13/1991
Garland,Martinat,gmartinatm1@bizjournals.com,Khaki,12/19/1998
Smitty,Carle,scarlem2@123-reg.co.uk,Yellow,9/4/2014
Ortensia,McGuinness,omcguinnessm3@unc.edu,Yellow,5/24/2014
Lynde,Serjent,lserjentm4@php.net,Puce,8/30/2001
Anabella,Rockingham,arockinghamm5@tumblr.com,Orange,2/8/2005
Naomi,Sandwick,nsandwickm6@ehow.com,Goldenrod,2/28/2013
Ania,Kettlestringes,akettlestringesm7@moonfruit.com,Red,11/6/2017
Gallard,Dearn,gdearnm8@naver.com,Puce,12/17/2006
Vi,Milleton,vmilletonm9@hhs.gov,Maroon,8/23/1998
Xena,Weaver,xweaverma@odnoklassniki.ru,Yellow,2/5/2012
Candis,Cassimer,ccassimermb@webmd.com,Yellow,1/11/2014
Augustin,Bate,abatemc@fastcompany.com,Blue,6/1/2008
Aggie,Uzzell,auzzellmd@qq.com,Red,1/8/2000
Dacey,Jannings,djanningsme@accuweather.com,Aquamarine,6/8/2000
Aksel,Sange,asangemf@paginegialle.it,Turquoise,5/13/2020
Juliette,Wimpress,jwimpressmg@indiegogo.com,Aquamarine,5/6/2004
Obie,Houndesome,ohoundesomemh@storify.com,Aquamarine,5/12/1999
Gil,Hartropp,ghartroppmi@de.vu,Mauv,2/12/2003
Junina,Kuhlmey,jkuhlmeymj@nationalgeographic.com,Puce,7/28/1999
Alexis,Balleine,aballeinemk@51.la,Fuscia,9/15/1999
Madalena,Venediktov,mvenediktovml@cbsnews.com,Goldenrod,1/15/2013
Dallas,Gilford,dgilfordmm@sun.com,Purple,2/19/1994
Serena,Lintall,slintallmn@symantec.com,Turquoise,8/5/2001
Hilarius,Beautyman,hbeautymanmo@twitpic.com,Turquoise,10/29/2009
Yettie,Howie,yhowiemp@histats.com,Goldenrod,12/15/2008
Maynard,Schoenfisch,mschoenfischmq@apple.com,Maroon,6/21/2015
Kendricks,Dimock,kdimockmr@nytimes.com,Orange,4/20/1996
Nadia,Yarker,nyarkerms@jigsy.com,Yellow,2/15/2011
Angelina,Kyrkeman,akyrkemanmt@webeden.co.uk,Orange,11/26/1993
Artur,Chaize,achaizemu@loc.gov,Puce,2/22/2018
Aloysius,Thorowgood,athorowgoodmv@pcworld.com,Teal,9/21/1997
Brook,Bertie,bbertiemw@columbia.edu,Crimson,3/14/2019
Zenia,Scargill,zscargillmx@quantcast.com,Blue,1/18/2015
Adair,Ruslinge,aruslingemy@harvard.edu,Aquamarine,11/24/1994
Mayer,Killik,mkillikmz@salon.com,Mauv,11/16/1998
Melosa,Crosland,mcroslandn0@instagram.com,Khaki,9/9/1999
Kevon,DuPlantier,kduplantiern1@home.pl,Indigo,7/30/2007
Weber,Glowach,wglowachn2@com.com,Aquamarine,5/10/2004
Nadiya,Codlin,ncodlinn3@mysql.com,Green,5/14/2017
Madelaine,Coxen,mcoxenn4@tripadvisor.com,Khaki,5/11/2010
Laraine,Girardet,lgirardetn5@list-manage.com,Yellow,9/8/1992
Lorry,Crosham,lcroshamn6@state.tx.us,Goldenrod,8/1/2003
Robinett,Jacobs,rjacobsn7@businessweek.com,Turquoise,8/27/2000
Husein,Disbrow,hdisbrown8@ehow.com,Aquamarine,2/25/2004
Alvis,Ivanchin,aivanchinn9@youtu.be,Goldenrod,1/15/2003
Gladi,Duigenan,gduigenanna@loc.gov,Crimson,10/21/2009
Burgess,Seiter,bseiternb@github.io,Yellow,11/11/2010
Melany,Eick,meicknc@dmoz.org,Teal,5/21/2000
Sileas,DePaoli,sdepaolind@google.com.au,Mauv,6/23/2009
Jeffrey,Chant,jchantne@pen.io,Blue,2/16/2009
Austen,Waldren,awaldrennf@tmall.com,Violet,3/5/2009
Betteann,Cuzen,bcuzenng@vinaora.com,Indigo,7/5/2005
Andros,Featonby,afeatonbynh@nature.com,Green,10/10/2007
Alberto,Darington,adaringtonni@nps.gov,Purple,6/25/2004
Stearne,Elloy,selloynj@xrea.com,Aquamarine,11/1/2020
Torrin,Drake,tdrakenk@joomla.org,Mauv,5/23/1997
Tom,Broome,tbroomenl@linkedin.com,Indigo,1/12/1992
Eal,Abley,eableynm@marketwatch.com,Purple,10/22/1996
Griffith,McCulloch,gmccullochnn@squarespace.com,Indigo,3/13/1997
Lenore,Vidgen,lvidgenno@moonfruit.com,Aquamarine,1/22/2016
Malynda,Swait,mswaitnp@webs.com,Red,11/1/1995
Gloria,Ardley,gardleynq@artisteer.com,Orange,6/1/2004
Tynan,Warry,twarrynr@nifty.com,Goldenrod,6/3/2013
Beulah,Bouskill,bbouskillns@yellowbook.com,Puce,9/13/2000
Shirley,Housam,shousamnt@example.com,Yellow,12/29/2015
Melodie,Brazener,mbrazenernu@intel.com,Purple,1/19/1996
Lois,Pautot,lpautotnv@webeden.co.uk,Red,1/11/2019
Etheline,Jardin,ejardinnw@dagondesign.com,Pink,11/17/2006
Humbert,Dripp,hdrippnx@arstechnica.com,Fuscia,7/12/2012
Ianthe,Rivaland,irivalandny@lycos.com,Yellow,1/17/2011
Tremain,Jagoe,tjagoenz@yolasite.com,Orange,8/24/2019
Mirabel,Mahood,mmahoodo0@so-net.ne.jp,Mauv,9/11/1996
Hendrik,Swanborrow,hswanborrowo1@google.it,Green,3/10/2015
Mellie,Pamphilon,mpamphilono2@newyorker.com,Blue,7/3/1998
Aurelie,Dudderidge,adudderidgeo3@discovery.com,Red,5/8/1996
Arlinda,Collerd,acollerdo4@facebook.com,Orange,11/4/2014
Alfonse,Tomasini,atomasinio5@unesco.org,Crimson,10/26/2011
Marcille,Boobyer,mboobyero6@nbcnews.com,Pink,9/18/2017
Marla,Hazelhurst,mhazelhursto7@google.fr,Maroon,1/19/2013
Alane,Forker,aforkero8@sitemeter.com,Blue,9/16/2004
Elizabeth,McTeague,emcteagueo9@marketwatch.com,Indigo,2/17/2002
Alyosha,Capini,acapinioa@ifeng.com,Indigo,5/12/1997
Michelina,Molloy,mmolloyob@hp.com,Teal,8/22/2010
Elianora,Perree,eperreeoc@cafepress.com,Crimson,3/6/1990
Odie,Shore,oshoreod@purevolume.com,Goldenrod,8/11/2002
Celestyn,DeMattia,cdemattiaoe@cocolog-nifty.com,Turquoise,5/19/2014
Fulton,Neale,fnealeof@ustream.tv,Crimson,2/17/2013
Merissa,Mileham,mmilehamog@plala.or.jp,Puce,6/19/2017
Mose,Gotmann,mgotmannoh@reuters.com,Turquoise,9/9/2005
Paxon,Heyburn,pheyburnoi@gnu.org,Orange,9/4/1998
Val,Patington,vpatingtonoj@devhub.com,Crimson,12/8/2008
Mario,Gerrey,mgerreyok@youku.com,Puce,1/16/2000
Dev,Spadeck,dspadeckol@answers.com,Red,9/4/2008
Cheri,Soldan,csoldanom@google.de,Violet,3/12/2013
Cecilio,Dadge,cdadgeon@cyberchimps.com,Violet,11/19/2011
Basilio,Jeandeau,bjeandeauoo@senate.gov,Yellow,5/23/2014
Catie,Thorns,cthornsop@merriam-webster.com,Mauv,5/15/2020
Levin,Skeats,lskeatsoq@msu.edu,Puce,3/25/1992
Caresa,Shrimpton,cshrimptonor@moonfruit.com,Green,5/12/1990
Hillard,Rushmere,hrushmereos@paginegialle.it,Khaki,3/26/1999
Sayres,Orteu,sorteuot@marketwatch.com,Turquoise,7/21/1998
Alleyn,Vasile,avasileou@people.com.cn,Violet,1/1/1995
Thorny,Biffen,tbiffenov@tripod.com,Green,12/5/2010
Hallie,Fabb,hfabbow@samsung.com,Violet,10/21/1996
Leslie,Fewkes,lfewkesox@php.net,Pink,12/1/1991
Daryl,Winterton,dwintertonoy@sfgate.com,Blue,1/26/2004
Joyous,McLachlan,jmclachlanoz@ucoz.com,Turquoise,10/13/1997
Borden,Roux,brouxp0@wordpress.org,Crimson,6/4/1999
Kyrstin,Arminger,karmingerp1@columbia.edu,Turquoise,10/15/2020
Davida,Cozins,dcozinsp2@stumbleupon.com,Khaki,8/10/1999
Carola,Richards,crichardsp3@delicious.com,Blue,9/4/1994
Andi,Simonich,asimonichp4@admin.ch,Yellow,12/30/2002
Bartholomeus,Gusticke,bgustickep5@twitter.com,Turquoise,12/19/1993
Haslett,Ilyin,hilyinp6@naver.com,Goldenrod,12/16/1992
Rudolf,Stedman,rstedmanp7@cmu.edu,Blue,4/30/1995
Rochell,Johnsee,rjohnseep8@taobao.com,Red,11/7/2014
Elissa,Piche,epichep9@google.it,Goldenrod,7/14/1990
Keefer,Elphey,kelpheypa@themeforest.net,Teal,7/27/2010
Curr,Cordes,ccordespb@mlb.com,Indigo,10/25/2005
Arluene,Ruggieri,aruggieripc@ow.ly,Violet,6/14/1993
Ellswerth,Franies,efraniespd@51.la,Orange,7/24/2010
Raoul,Dacke,rdackepe@cargocollective.com,Goldenrod,1/25/1991
Diann,Parbrook,dparbrookpf@microsoft.com,Indigo,7/22/1992
Amil,Impy,aimpypg@hp.com,Fuscia,10/8/2008
Frans,Phelp,fphelpph@clickbank.net,Aquamarine,2/25/1999
Nels,Crowe,ncrowepi@seattletimes.com,Red,10/30/2014
Ardenia,Mould,amouldpj@tuttocitta.it,Khaki,4/23/1992
Emmy,Copozio,ecopoziopk@ucoz.com,Crimson,2/9/2004
Bary,Posvner,bposvnerpl@japanpost.jp,Green,7/6/2015
Moira,Beviss,mbevisspm@nba.com,Aquamarine,3/4/2012
Glyn,Seden,gsedenpn@artisteer.com,Pink,10/5/1996
Roderigo,Jantet,rjantetpo@people.com.cn,Green,11/17/2005
Zia,Hulme,zhulmepp@uiuc.edu,Khaki,11/5/2012
Vincents,Wherrett,vwherrettpq@flickr.com,Blue,8/31/2004
Colver,Tregaskis,ctregaskispr@privacy.gov.au,Fuscia,7/30/2012
Ev,Mangion,emangionps@miibeian.gov.cn,Mauv,5/3/1998
Jackquelin,Manville,jmanvillept@t-online.de,Yellow,7/15/1993
Ximenes,Menichillo,xmenichillopu@jiathis.com,Crimson,7/1/2017
Idette,Fursland,ifurslandpv@marketwatch.com,Turquoise,8/27/2005
Cammy,Crich,ccrichpw@answers.com,Pink,5/28/1998
Mala,Dumphreys,mdumphreyspx@vimeo.com,Crimson,7/19/2003
Rice,Shill,rshillpy@privacy.gov.au,Turquoise,9/1/2012
Hazlett,Maybery,hmayberypz@google.com.br,Goldenrod,9/3/1998
Matty,Boulder,mboulderq0@mozilla.org,Crimson,5/17/1997
Gianna,Juara,gjuaraq1@pagesperso-orange.fr,Maroon,5/7/1991
Haskel,Ende,hendeq2@google.co.jp,Green,1/6/2008
Brana,Levett,blevettq3@amazon.co.jp,Pink,5/17/2002
Brooks,Maysor,bmaysorq4@whitehouse.gov,Green,10/13/1991
Terencio,Steptowe,tsteptoweq5@yandex.ru,Pink,10/9/1991
Lanna,Rounsefull,lrounsefullq6@cdc.gov,Crimson,10/27/2011
Stanford,Braksper,sbraksperq7@cnn.com,Yellow,11/19/1990
Carlotta,Scalera,cscaleraq8@va.gov,Purple,10/5/2007
Angel,Gertz,agertzq9@sciencedirect.com,Fuscia,7/9/1992
Igor,Geke,igekeqa@tamu.edu,Crimson,6/20/1990
Kirstin,Ditchfield,kditchfieldqb@nbcnews.com,Pink,8/25/2013
Patric,Dussy,pdussyqc@studiopress.com,Goldenrod,10/30/2000
Gleda,Sawter,gsawterqd@ow.ly,Goldenrod,9/24/1992
Jaquenette,Skae,jskaeqe@redcross.org,Orange,3/13/2020
Keven,Stiles,kstilesqf@amazon.co.jp,Pink,4/25/2001
Yorke,Sawl,ysawlqg@rambler.ru,Maroon,1/26/2018
Marve,Wallentin,mwallentinqh@nba.com,Yellow,3/7/2005
Goddart,Hutchason,ghutchasonqi@com.com,Turquoise,11/1/2009
Karalynn,Cicculini,kcicculiniqj@myspace.com,Pink,5/16/2020
Luce,Bartels-Ellis,lbartelsellisqk@ftc.gov,Maroon,9/4/2019
Hildegarde,Alaway,halawayql@nature.com,Violet,6/8/2017
Malchy,Dreghorn,mdreghornqm@drupal.org,Blue,2/21/1993
Lyman,Hoolaghan,lhoolaghanqn@psu.edu,Violet,12/12/2008
Glennie,Hofer,ghoferqo@unicef.org,Aquamarine,3/8/2019
Pauly,Tregunnah,ptregunnahqp@ucla.edu,Indigo,12/1/2008
Maryanne,Quogan,mquoganqq@google.cn,Maroon,7/29/1995
Poppy,Rustich,prustichqr@elegantthemes.com,Goldenrod,10/4/1994
Enoch,Dandy,edandyqs@google.co.uk,Violet,12/11/2012
Elva,Sheriff,esheriffqt@domainmarket.com,Orange,10/25/2011
Benn,Malzard,bmalzardqu@boston.com,Red,1/3/2019
Noll,Miskimmon,nmiskimmonqv@newyorker.com,Puce,3/29/2008
Mellisa,Levey,mleveyqw@nyu.edu,Maroon,11/21/2009
Ginny,Kohler,gkohlerqx@fastcompany.com,Purple,9/28/2003
Hebert,Hedworth,hhedworthqy@unesco.org,Goldenrod,11/30/2012
Ann,Bailiss,abailissqz@wikimedia.org,Orange,9/2/2006
Ulick,Godfery,ugodferyr0@scientificamerican.com,Maroon,4/6/2010
Leo,Jaxon,ljaxonr1@oakley.com,Yellow,12/27/2011
Feodor,Wemm,fwemmr2@irs.gov,Yellow,7/16/1997
Dulcinea,Dougherty,ddoughertyr3@google.co.jp,Fuscia,11/16/2017
Rania,Gamwell,rgamwellr4@webs.com,Indigo,11/20/2009
Gerrie,Edsall,gedsallr5@plala.or.jp,Indigo,10/30/2000
Celle,Nash,cnashr6@uol.com.br,Blue,6/29/1998
Stearn,Gateley,sgateleyr7@ebay.com,Purple,2/23/2007
Livia,Hawgood,lhawgoodr8@nationalgeographic.com,Orange,11/14/2014
Vinnie,Cordingley,vcordingleyr9@hugedomains.com,Pink,9/16/2020
Jeanne,Look,jlookra@wufoo.com,Goldenrod,12/4/1991
Woodrow,Beddard,wbeddardrb@spiegel.de,Pink,12/11/2000
Agnese,Malatalant,amalatalantrc@deviantart.com,Indigo,4/18/2014
Cam,Lory,cloryrd@quantcast.com,Mauv,7/6/2006
Kristoffer,Crawcour,kcrawcourre@free.fr,Aquamarine,7/12/1998
Randall,Bulle,rbullerf@bing.com,Teal,5/20/2018
Inna,Twigger,itwiggerrg@cam.ac.uk,Mauv,6/19/2001
Arlen,Chamberlaine,achamberlainerh@sakura.ne.jp,Maroon,3/27/2017
Gottfried,Christofor,gchristoforri@cbc.ca,Teal,8/23/2016
Letta,Pollastrino,lpollastrinorj@51.la,Red,9/5/2007
Travus,Buten,tbutenrk@yellowbook.com,Yellow,10/30/2007
Lemar,Lyfield,llyfieldrl@weebly.com,Pink,10/2/2009
Charlena,Moxon,cmoxonrm@odnoklassniki.ru,Purple,6/4/1998
Oneida,Storie,ostoriern@ow.ly,Green,8/10/2000
Burl,Pinxton,bpinxtonro@java.com,Yellow,8/13/2001
Moshe,Ivens,mivensrp@indiegogo.com,Green,4/1/1999
Ninnette,Maun,nmaunrq@ow.ly,Red,8/22/2003
Hetti,Salvadore,hsalvadorerr@netlog.com,Orange,8/31/2015
